"文件路径","类别","当前状态","对照20260912","字节数","SHA256","顶层hd_dc符号数","符号","说明"
"common/casus_belli_types/00_civil_war.txt","common","存在","不在101文件清单","64564","a81c45495d6e13a6dfcaf6d64a3155e47351c3f81349b3b598b6c38c2afcfb34","0","","包含定义或引用，不代表整文件均由本任务制作"
"common/casus_belli_types/00_religious_war.txt","common","存在","字节相同","80296","4243d6160066678037de6669949333aa076209290ce0b913b197fea71efadc42","0","","包含定义或引用，不代表整文件均由本任务制作"
"common/casus_belli_types/00_subjugation.txt","common","存在","不在101文件清单","14839","bf927166ae90fba39dc3dcfbeed24422b314ffe215f1ec599f74b982f06d1ea4","0","","包含定义或引用，不代表整文件均由本任务制作"
"common/casus_belli_types/00_tributarize.txt","common","存在","不在101文件清单","19492","27060034ef188a0b3a1034f2dc89332cc221c43126bd4e9b57b5d9feb53c8e5f","0","","包含定义或引用，不代表整文件均由本任务制作"
"common/casus_belli_types/01_fp1_wars.txt","common","存在","不在101文件清单","36533","352f81ed1c97dd4a00f94992574ddcd4f7be6c9cbaabd7159567eb1f873261e2","0","","包含定义或引用，不代表整文件均由本任务制作"
"common/casus_belli_types/05_fp3_wars.txt","common","存在","不在101文件清单","28669","364506b9b0be414c0c7661fb63ec221f548475bbd0ad54c4f8c7eb680e417b62","0","","包含定义或引用，不代表整文件均由本任务制作"
"common/casus_belli_types/06_ce1_wars.txt","common","存在","不在101文件清单","54225","922cd6d628821817ea2c24bff8322f6a9f4f97318437cfdff47ecddd7ac7e85c","0","","包含定义或引用，不代表整文件均由本任务制作"
"common/casus_belli_types/07_ep3_wars.txt","common","存在","字节相同","156834","f9e4589172342aa33ad2878c7f3849da95843d5c76444842cb6df8051d81b16b","0","","包含定义或引用，不代表整文件均由本任务制作"
"common/casus_belli_types/10_tgp_faction_wars.txt","common","存在","不在101文件清单","20506","bbf0b3a358493dead673a246aa767ec3a24b4ea2c83da323ea2b78e3d83d8787","0","","包含定义或引用，不代表整文件均由本任务制作"
"common/casus_belli_types/kuzhu_AUH_civil_war_cb.txt","common","存在","不在101文件清单","7317","bbce6a672ecf7cac0297a11cc5b84e60f2332b9e0bff7b02eaf694fb011e1f09","0","","包含定义或引用，不代表整文件均由本任务制作"
"common/casus_belli_types/zz_hd_uprising_wars.txt","common","存在","不在101文件清单","11565","a9ae80da3fdfc785907be5dd90a16e88b486ef9b8574a8888602b0506a2d31fb","0","","包含定义或引用，不代表整文件均由本任务制作"
"common/character_interactions/00_blackmail_interactions.txt","common","存在","不在101文件清单","12321","167d6fce5b1a71ae9a09694f28b01506f60ddb08b0d8b4cab1d42c3bc3a5711d","0","","包含定义或引用，不代表整文件均由本任务制作"
"common/character_interactions/00_character_interactions.txt","common","存在","不在101文件清单","60062","54a3f90844293dfb26fc2a211486ee393be539d84cddd95d7ed6845f23035803","0","","包含定义或引用，不代表整文件均由本任务制作"
"common/character_interactions/00_fp3_interactions.txt","common","存在","字节相同","28788","f8e1728cc9ccd2d949a6118ab0216564ec8ac56addca5bbcc671121f9811bbe1","0","","包含定义或引用，不代表整文件均由本任务制作"
"common/character_interactions/00_grant_titles_interaction.txt","common","存在","不在101文件清单","55292","57a58759592563d4f02094dcf47cfdd2e9c89e777e014d75cab8053b413cea27","0","","包含定义或引用，不代表整文件均由本任务制作"
"common/character_interactions/00_prison_interactions.txt","common","存在","不在101文件清单","202463","d5457468ca08fcdf2ec01357fa7c4831dc6135febb3d4500b5f990140f0f90eb","0","","包含定义或引用，不代表整文件均由本任务制作"
"common/character_interactions/00_scheme_interactions.txt","common","存在","不在101文件清单","58325","0cf435319c82fe93ed7a1e82c995023a1448e108c2c63c2627906805df3ae7fb","0","","包含定义或引用，不代表整文件均由本任务制作"
"common/character_interactions/00_vassal_interactions.txt","common","存在","不在101文件清单","90120","48041cddfd9f1eb2c44c454c895db1bc4a9824833864d8550397ac109fb6869f","0","","包含定义或引用，不代表整文件均由本任务制作"
"common/character_interactions/06_ep3_interactions.txt","common","存在","字节相同","308606","5bf1ce6502ce42a0c4adde2500190baec0741f50a55225fffe619683af307ceb","0","","包含定义或引用，不代表整文件均由本任务制作"
"common/character_interactions/06_ep3_laamp_interactions.txt","common","存在","不在101文件清单","192580","ed115ad790ca98d8f9aa50c9d1e9fd7e07efc6621bd4e09fe6807c0016e1bdf0","0","","包含定义或引用，不代表整文件均由本任务制作"
"common/character_interactions/10_tgp_interactions.txt","common","存在","不在101文件清单","241569","e12bb00b09503c67b82528f436effc81363df0da11f578ecbe69fd58d5d33af1","0","","包含定义或引用，不代表整文件均由本任务制作"
"common/character_interactions/hd_dc_royal_support_interactions.txt","common","存在","不在101文件清单","1570","1c0c7a42fcc5c5434ca6b3539f0ff83ceb0c63982796df301e27bcb5de7cdf4a","1","hd_dc_request_royal_support_interaction","包含定义或引用，不代表整文件均由本任务制作"
"common/decisions/00_unity_decisions.txt","common","存在","不在101文件清单","32718","02f64b8f5119c1130233a860340c39869887b312566e5b695dfb1b1f99e314f8","0","","包含定义或引用，不代表整文件均由本任务制作"
"common/decisions/dlc_decisions/tgp/tgp_dynastic_cycle_decisions.txt","common","存在","不在101文件清单","91691","15a47444d4ba9001bc4dbe778aa4ec26e322a6542a9b7999fbb22dc92bf71ed1","0","","包含定义或引用，不代表整文件均由本任务制作"
"common/decisions/hd_dc_debug_decisions.txt","common","存在","不在101文件清单","324","f730b10dea7af517897b19d4692dc918dc7c7642d8e1a97b5b3bc652c360c612","1","hd_dc_debug_decision","包含定义或引用，不代表整文件均由本任务制作"
"common/decisions/hd_dc_governance_decisions.txt","common","存在","不在101文件清单","934","27d7417d5795df57c0900e67289648bddcfe1e419d7111d37a95277e5d794602","1","hd_dc_review_governance_decision","包含定义或引用，不代表整文件均由本任务制作"
"common/epidemics/00_epidemics.txt","common","存在","不在101文件清单","69514","a03df97019d7ce2c5826b2d856cadc1ef0fcf055c52e92ff0b631fcd164f576c","0","","包含定义或引用，不代表整文件均由本任务制作"
"common/factions/00_factions.txt","common","存在","不在101文件清单","35036","f8fd1d33aea6857dabd56dfab460d18c0d92ef0d14f9eb4fe42d893660607b04","0","","包含定义或引用，不代表整文件均由本任务制作"
"common/factions/00_nation_fracturing_faction.txt","common","存在","不在101文件清单","10471","cca0d9874692c410d55c2544ba4d063bed38cb1427aa1cf23cc1f8016ba25eb2","0","","包含定义或引用，不代表整文件均由本任务制作"
"common/factions/10_tgp_factions.txt","common","存在","不在101文件清单","40099","6f1a87896084fb0cfa4af640058a47f92d6019c4a5f7da1c96e08dadbd4e11c8","0","","包含定义或引用，不代表整文件均由本任务制作"
"common/factions/kuzhu_AUH_factions.txt","common","存在","不在101文件清单","11628","5ed2eb9b076a6e0ae3b3340cea3b4e6dac824e279ed574b4d428d518b3f09af8","0","","包含定义或引用，不代表整文件均由本任务制作"
"common/great_projects/types/00_great_project_types.txt","common","存在","不在101文件清单","158110","079c6aa3145d24deb550863c96868b8f2bf5393ddf8053f61078a016ce56697e","0","","包含定义或引用，不代表整文件均由本任务制作"
"common/great_projects/types/00_ministry_projects.txt","common","存在","不在101文件清单","120483","1e2f2fc622eb5ad7c9fb25fd2ad7352324eea3271bc0cef2a1be938b2707ab39","0","","包含定义或引用，不代表整文件均由本任务制作"
"common/legitimacy/00_legitimacy.txt","common","存在","不在101文件清单","25166","b329ae152f00a0ae66483920d2e4774742c2123aeb0a9438d10059c96b76c6cf","0","","包含定义或引用，不代表整文件均由本任务制作"
"common/modifiers/hd_dc_debug_modifiers.txt","common","存在","不在101文件清单","51","26c1a85ab17a4e63d47ed8243d584b90199a76dd4786147f461f687fbb1a3810","1","hd_dc_debug_policy_training","包含定义或引用，不代表整文件均由本任务制作"
"common/modifiers/hd_dc_policy_modifiers.txt","common","存在","不在101文件清单","298","75cf2c5d3ff5d9ea610aed09f1735f4c0e7a3963ef45ed32abbd4e32b478dee1","1","hd_dc_par_tax_relief_modifier","包含定义或引用，不代表整文件均由本任务制作"
"common/modifiers/hd_dc_pressure_modifiers.txt","common","存在","不在101文件清单","759","c1aefdf50ef84bfc31c0547bb41b6dc9a8109e67d75f87b0c968811c1e2c323d","8","hd_dc_pressure_character_2 / hd_dc_pressure_character_3 / hd_dc_pressure_character_4 / hd_dc_pressure_character_5 / hd_dc_pressure_county_2 / hd_dc_pressure_county_3 / hd_dc_pressure_county_4 / hd_dc_pressure_county_5","包含定义或引用，不代表整文件均由本任务制作"
"common/on_action/death.txt","common","存在","不在101文件清单","53153","5c47315bd31c048870d1e04d76ced3ff9539b3808029db5fe28d9021abc2e727","0","","包含定义或引用，不代表整文件均由本任务制作"
"common/on_action/dynastic_cycle_on_actions.txt","common","存在","不在101文件清单","9828","136c55539dfabdd25095f48bec442697772c77871d7d098774d6f1e43754af63","0","","包含定义或引用，不代表整文件均由本任务制作"
"common/on_action/hd_dc_faction_pulse_on_actions.txt","common","存在","不在101文件清单","676","4ad93cfd6928a0021d7e340afcb6ea06dd08e03a816f0b8b2fc97f3a26daecf7","1","hd_dc_extra_faction_yearly","包含定义或引用，不代表整文件均由本任务制作"
"common/on_action/hd_dc_natural_disaster_on_actions.txt","common","存在","不在101文件清单","741","f964e12eddb618946f7b17bb465c155f475a614e0caa95a7946b8a8c770542eb","1","hd_dc_natural_disaster_setup","包含定义或引用，不代表整文件均由本任务制作"
"common/on_action/hd_dc_observer_on_actions.txt","common","存在","不在101文件清单","3304","e30c673dcf01f2cc05d5a07bd3f4ed83ea45ccd0f2516818182e5fe983adbf81","7","hd_dc_ordinary_yearly / hd_dc_request_monthly_observation / hd_dc_observe_political_state / hd_dc_interrupt_governance_on_war / hd_dc_observe_title_transfer / hd_dc_observe_hegemony_destruction / hd_dc_observe_vassal_change","包含定义或引用，不代表整文件均由本任务制作"
"common/on_action/hd_dc_protection_on_actions.txt","common","存在","字节相同","2838","5606b12120977ecd8a6fb0891206294880cec05c9a31a6724be1a9711faff81e","3","hd_dc_protection_on_imprison / hd_dc_protection_on_death / hd_dc_protection_on_revoked","包含定义或引用，不代表整文件均由本任务制作"
"common/on_action/hd_dc_theft_pulse_on_actions.txt","common","缺失","不在101文件清单","0","","0","","只记录现状，未恢复"
"common/on_action/saas_game_start.txt","common","存在","字节相同","1937","7146916e7282e41cc175831bb88d47df8a0efb4606fe8c8412541840df33b3c0","0","","包含定义或引用，不代表整文件均由本任务制作"
"common/on_action/title_on_actions.txt","common","存在","不在101文件清单","114414","02acf5bffc55d60cd99220e3301c38add435dc1abba77ce1675f95a3118e6840","0","","包含定义或引用，不代表整文件均由本任务制作"
"common/on_action/war_on_actions.txt","common","存在","不在101文件清单","61423","e23b830a8028705fd1db54d6f078ff9a2a726f20e85b6e69ad9efabd224f441c","0","","包含定义或引用，不代表整文件均由本任务制作"
"common/on_action/yearly_on_actions.txt","common","存在","字节相同","87117","ce45ceb35e025d7ec3a5ea9f534c387a9d8edc38f52ecbada683459608790e84","0","","包含定义或引用，不代表整文件均由本任务制作"
"common/on_action/zz_hd_auh_yearly_actions.txt","common","存在","不在101文件清单","585","23069c15e6820bb68b871fc119efe53047707b19457332fd94a15774f7c32105","0","","包含定义或引用，不代表整文件均由本任务制作"
"common/opinion_modifiers/hd_dc_debug_opinions.txt","common","存在","不在101文件清单","188","664fc398fd53945fa1a5e91a388a074248e3ca52d1316fd07f5d0db32e1468b6","3","hd_dc_debug_trust_opinion / hd_dc_debug_roy_grievance_opinion / hd_dc_debug_party_grievance_opinion","包含定义或引用，不代表整文件均由本任务制作"
"common/opinion_modifiers/hd_dc_opinions.txt","common","存在","不在101文件清单","970","68e0581fa4cbcdf7e834e9755cdf0a523eed7a28fb4407720539b86464818e17","16","hd_dc_signed_terms_opinion / hd_dc_counter_terms_opinion / hd_dc_rejected_terms_opinion / hd_dc_ritual_fairness_opinion / hd_dc_ritual_disappointment_opinion / hd_dc_ritual_command_opinion / hd_dc_ritual_precedence_opinion / hd_dc_royal_cooperation_opinion / hd_dc_royal_support_opinion / hd_dc_ordinary_response_opinion / hd_dc_enthronement_support_opinion / hd_dc_faithful_royal_opinion / hd_dc_policy_silenced_opinion / hd_dc_policy_retained_opinion / hd_dc_policy_trial_selected_opinion / hd_dc_policy_trial_passed_over_opinion","包含定义或引用，不代表整文件均由本任务制作"
"common/schemes/scheme_types/tgp_dynastic_cycle_schemes.txt","common","存在","不在101文件清单","26122","e0f84435b99022144d966661a5b8bfc770869e79ec819303c37401a1ba99ee05","0","","包含定义或引用，不代表整文件均由本任务制作"
"common/script_values/00_war_values.txt","common","存在","不在101文件清单","20689","431e0b09dba1214cd17fa73393c9737ea208526f2bebb39a8ff5c23769c7ea0d","0","","包含定义或引用，不代表整文件均由本任务制作"
"common/script_values/hd_dc_delivery_delay_values.txt","common","存在","字节相同","326","f5d6164754d4b4fcdb1e15e2df29aa86779586f026a475240dbdaa7d82cc239b","2","hd_dc_royal_invitation_delay_days_value / hd_dc_proposal_response_months_value","包含定义或引用，不代表整文件均由本任务制作"
"common/script_values/hd_dc_epidemic_values.txt","common","存在","不在101文件清单","669","18e13fddefeb23d11b9d66f9e15573aedec471683b72ac25ea1b0de616a375b1","1","hd_dc_epidemic_hazard_multiplier_value","包含定义或引用，不代表整文件均由本任务制作"
"common/script_values/hd_dc_faction_values.txt","common","存在","不在101文件清单","3033","04a54efa2c93c3aaa4ae88f3b97f449ccf797f6d6c3bd52f3b70054821bb75dd","6","hd_dc_faction_hazard_multiplier_value / hd_dc_independence_demand_base_value / hd_dc_ceremonial_liberty_demand_base_value / hd_dc_liberty_demand_base_value / hd_dc_claimant_demand_base_value / hd_dc_ceremonial_claimant_demand_base_value","包含定义或引用，不代表整文件均由本任务制作"
"common/script_values/hd_dc_hazard_values.txt","common","存在","不在101文件清单","6607","964dc815466fe1f3d2dfd92651f1d2b398eddd2c5e3ab90c06cd30004fb5482a","5","hd_dc_scheme_hazard_multiplier_value / hd_dc_hazard_probability_value / hd_dc_hazard_scaled_log_value / hd_dc_hazard_scaled_exp_value / hd_dc_hazard_binary_divisor_value","包含定义或引用，不代表整文件均由本任务制作"
"common/script_values/hd_dc_natural_disaster_values.txt","common","存在","不在101文件清单","449","fcb931fa5688709cc17974bc848e919120809f3b3d507ab52efda00470caab38","1","hd_dc_natural_disaster_hazard_multiplier_value","包含定义或引用，不代表整文件均由本任务制作"
"common/script_values/hd_dc_negative_completion_values.txt","common","存在","字节相同","5924","5aa9ba1a51a97987abac1275a0f02b8fc17e35135e45e0f03918e396a722df5b","6","hd_dc_negative_completion_native_bad_value / hd_dc_negative_completion_native_other_value / hd_dc_negative_completion_guest_bad_factor_value / hd_dc_negative_completion_dynamic_chance_value / hd_dc_negative_completion_dynamic_bad_factor_value / hd_dc_negative_completion_dynamic_other_factor_value","包含定义或引用，不代表整文件均由本任务制作"
"common/script_values/hd_dc_ordinary_values.txt","common","存在","不在101文件清单","422","ddf3307044f580a1c074c22d5aab237556579a9b5bb840748dabfadbac62323b","1","hd_dc_social_hazard_multiplier_value","包含定义或引用，不代表整文件均由本任务制作"
"common/script_values/hd_dc_parameters.txt","common","存在","不在101文件清单","1168","bf1a1a23182028d20b277661c365b1f04d42e23a51ece8180976b564276a96bb","4","hd_dc_control_numerator_value / hd_dc_enter_denominator_value / hd_dc_restore_denominator_value / hd_dc_control_percent_value","包含定义或引用，不代表整文件均由本任务制作"
"common/script_values/hd_dc_party_values.txt","common","存在","不在101文件清单","278","6e8e0b7930b95c58a305cdfe9733962ba9c0419f9b132deae1e35e199e190c50","2","hd_dc_par_power_fivefold_value / hd_dc_par_snapshot_group_count_value","包含定义或引用，不代表整文件均由本任务制作"
"common/script_values/hd_dc_pressure_values.txt","common","存在","不在101文件清单","1189","2044977e6d8c5b710508bb1d91a582f6c5ff10bcc7089ff9b244e73b3fa7ebff","5","hd_dc_pressure_band_value / hd_dc_control_loss_target_value / hd_dc_development_loss_target_value / hd_dc_control_loss_due_value / hd_dc_development_loss_due_value","包含定义或引用，不代表整文件均由本任务制作"
"common/script_values/hd_dc_scheme_initiation_values.txt","common","存在","不在101文件清单","6338","b91eda54761e9f1d586c19b23a079a1cab9f9d8731f8d49fb8e1066e0a354bb4","5","hd_dc_abduct_base_probability_value / hd_dc_blackmail_unity_add_value / hd_dc_blackmail_base_probability_value / hd_dc_abduct_initiation_probability_value / hd_dc_murder_base_probability_value","包含定义或引用，不代表整文件均由本任务制作"
"common/script_values/hd_dc_theft_values.txt","common","存在","不在101文件清单","2054","348e6e6afa163a6d5a0c8ebdfbe617ffb940216ed1513d85000426b01c95f4a7","2","hd_dc_siphon_base_probability_value / hd_dc_siphon_initiation_probability_value","包含定义或引用，不代表整文件均由本任务制作"
"common/script_values/hd_dc_truce_values.txt","common","存在","不在101文件清单","1487","d255ca2c896518303d4549dc063091455776f8f16324f8d85648cf844b39a80c","5","hd_dc_fixed_five_year_war_truce_days / hd_dc_fixed_ten_year_war_truce_days / hd_dc_fixed_forty_year_war_truce_days / hd_dc_tribute_war_truce_years / hd_dc_petition_war_truce_years","包含定义或引用，不代表整文件均由本任务制作"
"common/script_values/hd_dc_unity_values.txt","common","存在","不在101文件清单","468","190aad9952ba0a9ca0a0c62a25e35e0e9ed99f85440c4cff76c6ec5db7cef7da","1","hd_dc_unity_loss_multiplier_value","包含定义或引用，不代表整文件均由本任务制作"
"common/scripted_effects/00_courtier_guest_management_effects.txt","common","存在","字节相同","39386","d4cbb4045b9bc90210e723b3aedb64a1f122f6b23161260d5df083159d6d38b3","0","","包含定义或引用，不代表整文件均由本任务制作"
"common/scripted_effects/00_decisions_effects.txt","common","存在","字节相同","36979","03bae6fbc1c30ee2a491e0b55f482fc8aa0a0ea93233ba67c136d9ed43559cdf","0","","包含定义或引用，不代表整文件均由本任务制作"
"common/scripted_effects/00_education_effects.txt","common","存在","字节相同","79514","6b5a362de0ea610d2534fc54e4702ea9f0103315597e35df3b905e9eb245c388","0","","包含定义或引用，不代表整文件均由本任务制作"
"common/scripted_effects/00_faction_effects.txt","common","存在","不在101文件清单","52074","1a978a350eee0a5d9cfd22932915c28c0ba7aa6bd9e74a046ddb4beb79605434","0","","包含定义或引用，不代表整文件均由本任务制作"
"common/scripted_effects/00_interaction_effects.txt","common","存在","字节相同","122858","0485c3c60a989071ac05e9115054b24f819dc067b79f4c27da3e0f790ec06c83","0","","包含定义或引用，不代表整文件均由本任务制作"
"common/scripted_effects/00_petition_liege_effects.txt","common","存在","不在101文件清单","34352","365426538febfe134eec82172045d7f08124445c1ac75a98a2caec382b7ce729","0","","包含定义或引用，不代表整文件均由本任务制作"
"common/scripted_effects/00_prison_effects.txt","common","存在","字节相同","61519","38424ba22e1695e0d6e168b27de5ea0b281b7e8a61b7da7a3f263539743819cb","0","","包含定义或引用，不代表整文件均由本任务制作"
"common/scripted_effects/00_religious_interaction_effects.txt","common","存在","字节相同","41980","2aa350493121ac298208eea31ea43632914fe5644f44e3bd04294876ad25b843","0","","包含定义或引用，不代表整文件均由本任务制作"
"common/scripted_effects/00_war_effects.txt","common","存在","不在101文件清单","68915","893a26f5cf6011cfc54753bdf8203f4475257f477fbae505b929af92ac6c5b03","0","","包含定义或引用，不代表整文件均由本任务制作"
"common/scripted_effects/05_bp2_hostage_effects.txt","common","存在","字节相同","20826","fafde1583eee1dd36cd55ec8a7ee1a60ac3c4db6ccb063a752b4ab1916ee46d0","0","","包含定义或引用，不代表整文件均由本任务制作"
"common/scripted_effects/05_dlc_bp2_effects.txt","common","存在","字节相同","33550","597043c8e88b3946195bf200418e9b8a69b6710e32a00dd8dd21332d9cf512b2","0","","包含定义或引用，不代表整文件均由本任务制作"
"common/scripted_effects/10_dlc_tgp_dynastic_cycle_scripted_effects.txt","common","存在","字节相同","39809","dd8b1f10ceaef17147e2a1d2052ea05292986babf97ccececf033ebdd6c7294e","0","","包含定义或引用，不代表整文件均由本任务制作"
"common/scripted_effects/10_dlc_tgp_natural_disaster_scripted_effects.txt","common","存在","不在101文件清单","27655","ecd60cf4e6c34442824828ca4262f83842935aa7f3b13ef372efcce3a12668c5","1","hd_dc_disaster_catalyst_once_effect","包含定义或引用，不代表整文件均由本任务制作"
"common/scripted_effects/10_dlc_tgp_scripted_effects.txt","common","存在","不在101文件清单","264780","700fe34fed4c63e4191f4341d40ad880b9c95d6aa2a38363b97498200913011f","0","","包含定义或引用，不代表整文件均由本任务制作"
"common/scripted_effects/hd_dc_action_effects.txt","common","存在","不在101文件清单","3851","a4534d61964382d570c06224f5f4b5850298b48991dd64e5ed8e0a100522e386","2","hd_dc_prepare_ability_action_effect / hd_dc_resolve_ability_action_effect","包含定义或引用，不代表整文件均由本任务制作"
"common/scripted_effects/hd_dc_catalyst_effects.txt","common","存在","不在101文件清单","16056","b3b2801e913a75acf7994f2d599ee7951cc7181d09c8440016539962def73c41","4","hd_dc_catalyst_effect / hd_dc_catalyst_with_actor_effect / hd_dc_catalyst_row_effect / hd_dc_map_catalyst_effect","包含定义或引用，不代表整文件均由本任务制作"
"common/scripted_effects/hd_dc_debug_effects.txt","common","存在","字节相同","4918","0462bcc5ff8121d7193de6e150787900ae76aaafe309c98b781db18de5aa3195","6","hd_dc_debug_change_points_effect / hd_dc_debug_prepare_ord19_effect / hd_dc_debug_start_roy_effect / hd_dc_debug_start_par_effect / hd_dc_debug_request_support_effect / hd_dc_debug_set_points_effect","包含定义或引用，不代表整文件均由本任务制作"
"common/scripted_effects/hd_dc_debug_scene_effects.txt","common","存在","字节相同","9245","ab5947c2b03ee584e60e421d61c3673de8de6884c9bb070d042bed5fe10b380e","7","hd_dc_debug_select_epidemic_effect / hd_dc_debug_spawn_selected_epidemic_effect / hd_dc_debug_prepare_ord09_effect / hd_dc_debug_prepare_ord13_effect / hd_dc_debug_prepare_par_effect / hd_dc_debug_prepare_roy_effect / hd_dc_debug_prepare_support_effect","包含定义或引用，不代表整文件均由本任务制作"
"common/scripted_effects/hd_dc_enemy_child_effects.txt","common","存在","不在101文件清单","9732","9ff13a21edfe9eab078cdf9d08fb7ef55e445a40913038f955e535fd8c96883a","10","hd_dc_start_ord19_effect / hd_dc_ord19_offer_cooperation_effect / hd_dc_ord19_accept_cooperation_effect / hd_dc_ord19_decline_cooperation_effect / hd_dc_ord19_submit_letter_effect / hd_dc_ord19_withdraw_letter_effect / hd_dc_ord19_finish_cooperation_effect / hd_dc_maintain_ord19_cooperation_effect / hd_dc_ord19_judge_person_effect / hd_dc_ord19_blame_family_effect","包含定义或引用，不代表整文件均由本任务制作"
"common/scripted_effects/hd_dc_era_effects.txt","common","存在","不在101文件清单","8139","591db4de7ea863a77fe54077ef90a8570cdfd99a4f7334536d878aeab4902e6b","10","hd_dc_initialize_scope_effect / hd_dc_start_era_timer_effect / hd_dc_clear_era_timers_effect / hd_dc_refresh_snapshot_effect / hd_dc_write_phase_effect / hd_dc_route_nonchaos_phase_effect / hd_dc_evaluate_era_effect / hd_dc_request_observation_effect / hd_dc_observe_mandate_war_effect / hd_dc_notify_chaos_effect","包含定义或引用，不代表整文件均由本任务制作"
"common/scripted_effects/hd_dc_existing_trait_pool_effects.txt","common","存在","不在101文件清单","4669","0c1e758581806b5cf6f839fcd58a541d429f08ae22bcc71c546fd59941554dbd","5","hd_dc_prepare_dinner_trait_pool_effect / hd_dc_scale_existing_trait_pool_effect / hd_dc_prepare_education_trait_pool_effect / hd_dc_prepare_inspiration_trait_pool_effect / hd_dc_freeze_existing_trait_pool_region_effect","包含定义或引用，不代表整文件均由本任务制作"
"common/scripted_effects/hd_dc_faction_pulse_claimant_effects.txt","common","存在","不在101文件清单","4494","bc0309d698f33f457fa5e31ce30ff9ec55b75fc34f1649296f1e1b8abdf087e7","5","hd_dc_prepare_extra_claimant_effect / hd_dc_save_extra_claiming_title_effect / hd_dc_restore_extra_claiming_title_effect / hd_dc_probe_extra_claimant_title_effect / hd_dc_create_extra_claimant_effect","包含定义或引用，不代表整文件均由本任务制作"
"common/scripted_effects/hd_dc_faction_pulse_effects.txt","common","存在","不在101文件清单","6329","16139386adfb92d1a845b2eab253a27bb20e389486fb42d36be33ffb48761d38","5","hd_dc_check_extra_faction_year_effect / hd_dc_record_extra_faction_effect / hd_dc_create_extra_character_faction_effect / hd_dc_create_extra_county_faction_effect / hd_dc_select_extra_faction_type_effect","包含定义或引用，不代表整文件均由本任务制作"
"common/scripted_effects/hd_dc_family_effects.txt","common","存在","不在101文件清单","810","d2268ff4ead23cda72d5870b7499d3e8624e7cbe4f1330b42d5362536190e2b9","1","hd_dc_prepare_spouse_dispute_roll_effect","包含定义或引用，不代表整文件均由本任务制作"
"common/scripted_effects/hd_dc_governance_effects.txt","common","存在","不在101文件清单","6964","6b6d51326880f11639367a878d663694f221c0b5221b6ddf6640c2cd1e8cf1e2","7","hd_dc_observe_governance_effect / hd_dc_refresh_governance_tier_effect / hd_dc_commit_governance_effect / hd_dc_release_own_acute_lock_effect / hd_dc_interrupt_governance_stability_effect / hd_dc_register_governance_obligation_change_effect / hd_dc_open_governance_review_effect","包含定义或引用，不代表整文件均由本任务制作"
"common/scripted_effects/hd_dc_governor_trait_effects.txt","common","存在","不在101文件清单","2993","8bfb302d295a688a3f45fa4031c34ac98b927a6e3ecda4fb6f9eb0d1f8cffd54","2","hd_dc_count_governor_trait_candidate_effect / hd_dc_prepare_governor_trait_roll_effect","包含定义或引用，不代表整文件均由本任务制作"
"common/scripted_effects/hd_dc_military_selection_effects.txt","common","存在","不在101文件清单","4261","babf9c15590385eac6c1c2e6e144b2b58c860b93bbb75c4546295a492a29cc5c","1","hd_dc_snapshot_military_social_pool_effect","包含定义或引用，不代表整文件均由本任务制作"
"common/scripted_effects/hd_dc_negative_completion_effects.txt","common","存在","字节相同","8625","935b3c468bbe3c88d36b0d7d1866acb6b088429e656d76dae7640d1e7716745b","6","hd_dc_prepare_negative_completion_roll_effect / hd_dc_prepare_negative_completion_simple_pool_effect / hd_dc_prepare_negative_completion_chariot_pool_effect / hd_dc_prepare_negative_completion_dynamic_pool_effect / hd_dc_prepare_negative_completion_guest_pool_effect / hd_dc_prepare_negative_completion_inspiration_teach_effect","包含定义或引用，不代表整文件均由本任务制作"
"common/scripted_effects/hd_dc_negative_relation_completion_effects.txt","common","存在","字节相同","2987","7ede4e09e0e9c0996d8c7c5a33652e32013975533a7863df83b9d1a2b0300d19","4","hd_dc_prepare_tournament_sabotage_relation_effect / hd_dc_prepare_witch_guest_relation_effect / hd_dc_prepare_negative_relation_completion_effect / hd_dc_prepare_yearly_4001_relation_effect","包含定义或引用，不代表整文件均由本任务制作"
"common/scripted_effects/hd_dc_ordinary_effects.txt","common","存在","不在101文件清单","11965","28e956c10b5cadab6a001fae0b0cf503b2f31ebca84a12cacf24b1736e718b93","10","hd_dc_observe_ordinary_pool_effect / hd_dc_start_ord13_effect / hd_dc_ord13_delegate_effect / hd_dc_ord13_rebuke_effect / hd_dc_ord13_ask_help_effect / hd_dc_ord13_personality_stress_effect / hd_dc_ord13_answer_help_effect / hd_dc_close_ordinary_effect / hd_dc_cancel_ordinary_delivery_effect / hd_dc_maintain_ordinary_effect","包含定义或引用，不代表整文件均由本任务制作"
"common/scripted_effects/hd_dc_party_case_effects.txt","common","存在","不在101文件清单","7434","6dbac96926d0c6b3e5129a9c226c65ca62be3eb389f2af41af58e82728b6993e","5","hd_dc_prepare_party_policy_case_effect / hd_dc_deliver_party_policy_inquiry_effect / hd_dc_answer_party_policy_inquiry_effect / hd_dc_maintain_party_policy_case_effect / hd_dc_boot_party_policy_case_effect","包含定义或引用，不代表整文件均由本任务制作"
"common/scripted_effects/hd_dc_party_effects.txt","common","存在","不在101文件清单","4274","a0c8080a1bb928cbea91f3815667db09389d71b7af46b05754c164e9bf4e3fef","2","hd_dc_boot_party_effect / hd_dc_bind_party_leader_effect","包含定义或引用，不代表整文件均由本任务制作"
"common/scripted_effects/hd_dc_party_event_effects.txt","common","存在","不在101文件清单","3760","00533961733c8cf9f6362900fc05534a091e2783f45a5151e5a653e981b039a5","5","hd_dc_par01_assert_existing_policy_effect / hd_dc_apply_par01_command_response_effect / hd_dc_finish_authored_party_node_effect / hd_dc_dispatch_par01_effect / hd_dc_maintain_party_events_effect","包含定义或引用，不代表整文件均由本任务制作"
"common/scripted_effects/hd_dc_party_selection_effects.txt","common","存在","不在101文件清单","8299","a8b07d13379697af1c6129ea9a670b7d2e38f51ad080bacc102f2a8b2e291add","3","hd_dc_select_party_pair_effect / hd_dc_save_selected_party_pair_effect / hd_dc_snapshot_party_pool_effect","包含定义或引用，不代表整文件均由本任务制作"
"common/scripted_effects/hd_dc_payment_effects.txt","common","存在","不在101文件清单","3568","7dbf355c930bd191ebb15d2905ba8ed00dafeb71bc76894f2bc85fddcb128e46","2","hd_dc_execute_payment_effect / hd_dc_credit_payment_governance_effect","包含定义或引用，不代表整文件均由本任务制作"
"common/scripted_effects/hd_dc_point_effects.txt","common","存在","字节相同","6153","f6801bb4a39d7d0df602a6be4ae010c7ae6ee17fecc59eb481d8bf9204f23ebf","3","hd_dc_change_points_effect / hd_dc_archive_point_change_effect / hd_dc_commit_point_receipt_effect","包含定义或引用，不代表整文件均由本任务制作"
"common/scripted_effects/hd_dc_policy_audit_effects.txt","common","存在","不在101文件清单","14331","f0d8233c79fb36866d00391d8624ff8a23fd31c56ca4d785a76b7951930b48a5","10","hd_dc_par01_offer_audit_effect / hd_dc_par01_send_executor_effect / hd_dc_par01_answer_executor_effect / hd_dc_par01_fund_audit_side_effect / hd_dc_maintain_par01_audit_effect / hd_dc_par01_check_trial_side_effect / hd_dc_par01_end_trial_side_effect / hd_dc_par01_request_reports_effect / hd_dc_par01_submit_audit_effect / hd_dc_finish_par01_audit_effect","包含定义或引用，不代表整文件均由本任务制作"
"common/scripted_effects/hd_dc_policy_effects.txt","common","存在","不在101文件清单","8048","ee67375c654cec52948945acda8360137e25e2edde56ed95e1c6c051885f88d5","6","hd_dc_fund_par01_trial_effect / hd_dc_begin_par01_trial_effect / hd_dc_maintain_policy_trial_effect / hd_dc_finish_policy_trial_effect / hd_dc_deliver_policy_trial_notice_effect / hd_dc_deliver_policy_leader_notice_effect","包含定义或引用，不代表整文件均由本任务制作"
"common/scripted_effects/hd_dc_policy_offer_effects.txt","common","存在","不在101文件清单","6748","7040397bf5c926afec6ef60b846054a961ec94db65ca5da63b6519f842f100e5","7","hd_dc_offer_par01_leadership_effect / hd_dc_consume_par01_policy_offer_effect / hd_dc_create_par01_local_offer_effect / hd_dc_finish_par01_offer_effect / hd_dc_release_par01_offer_node_effect / hd_dc_note_par01_trial_started_effect / hd_dc_note_par01_reserve_disappointment_effect","包含定义或引用，不代表整文件均由本任务制作"
"common/scripted_effects/hd_dc_pressure_effects.txt","common","存在","不在101文件清单","7497","b09a6dd634ad168f3f08e024d89e0986a4f58a057d8466a0ce60269cf593d679","7","hd_dc_sync_pressure_effect / hd_dc_pressure_phase_end_effect / hd_dc_remove_character_pressure_effect / hd_dc_apply_character_pressure_effect / hd_dc_remove_county_pressure_effect / hd_dc_apply_county_pressure_effect / hd_dc_apply_pressure_sources_effect","包含定义或引用，不代表整文件均由本任务制作"
"common/scripted_effects/hd_dc_proposal_effects.txt","common","存在","字节相同","8908","931b6f8db4e3164be7567eeec3e0db3221429166deff1b22d3b98f5ce1d6d4d7","7","hd_dc_create_proposal_effect / hd_dc_deliver_proposal_effect / hd_dc_accept_proposal_effect / hd_dc_counter_proposal_effect / hd_dc_reject_proposal_effect / hd_dc_return_proposal_result_effect / hd_dc_maintain_proposal_effect","包含定义或引用，不代表整文件均由本任务制作"
"common/scripted_effects/hd_dc_ransom_effects.txt","common","存在","不在101文件清单","10499","5b8c06f83deef27dbfd5bba7088f1b8688bd448b489b93bc7823fc938b4754b4","7","hd_dc_start_ord09_effect / hd_dc_ord09_offer_effect / hd_dc_ord09_refuse_effect / hd_dc_consume_ord09_proposal_effect / hd_dc_execute_ord09_ransom_effect / hd_dc_refund_ord09_payment_effect / hd_dc_finish_ord09_exchange_effect","包含定义或引用，不代表整文件均由本任务制作"
"common/scripted_effects/hd_dc_record_effects.txt","common","存在","不在101文件清单","11586","2e77673a19493e5fcd06adf30ae9f130d3ed1160d5f068ba6c30b4aec60461a9","9","hd_dc_stamp_calendar_effect / hd_dc_select_record_keeper_effect / hd_dc_repair_record_keeper_effect / hd_dc_create_record_effect / hd_dc_prepare_instance_effect / hd_dc_commit_instance_boot_effect / hd_dc_abort_unstarted_instance_effect / hd_dc_create_actor_record_effect / hd_dc_maintain_record_registry_effect","包含定义或引用，不代表整文件均由本任务制作"
"common/scripted_effects/hd_dc_relation_effects.txt","common","存在","不在101文件清单","1324","2faf9b44c9b3b04a87fe0f199140cb14304e30b930eb1163abbb6d7958d90144","1","hd_dc_prepare_rivalry_roll_effect","包含定义或引用，不代表整文件均由本任务制作"
"common/scripted_effects/hd_dc_ritual_effects.txt","common","存在","不在101文件清单","5205","cdc93de826354aa97404ed87c7030cfbfd276d40b3b3d7fca43e6aa4b2169cc1","4","hd_dc_initialize_ritual_register_effect / hd_dc_refresh_ritual_order_effect / hd_dc_restore_ritual_order_effect / hd_dc_grant_ritual_precedence_effect","包含定义或引用，不代表整文件均由本任务制作"
"common/scripted_effects/hd_dc_royal_effects.txt","common","存在","不在101文件清单","4272","67b2dbff41d94daf565181a1bb524b6222603d81b15c8bc07411f41048fa5d19","2","hd_dc_boot_royal_effect / hd_dc_boot_royal_actor_effect","包含定义或引用，不代表整文件均由本任务制作"
"common/scripted_effects/hd_dc_royal_event_effects.txt","common","存在","字节相同","15420","5d30f04c27ae1e5bd44d8540f1a8e24da02b8511411032dc8fa998134fb98d66","12","hd_dc_dispatch_roy01_effect / hd_dc_roy01_restore_effect / hd_dc_roy01_assert_effect / hd_dc_roy01_offer_precedence_effect / hd_dc_consume_roy01_proposal_effect / hd_dc_finish_roy01_effect / hd_dc_invite_royal_register_effect / hd_dc_receive_royal_invitation_effect / hd_dc_cancel_royal_invitation_delivery_effect / hd_dc_maintain_royal_events_effect / hd_dc_answer_royal_invitation_effect / hd_dc_close_royal_invitation_effect","包含定义或引用，不代表整文件均由本任务制作"
"common/scripted_effects/hd_dc_royal_mediation_effects.txt","common","存在","不在101文件清单","6109","3bbe4b711ec5dcff356b8b62945f864c739493b89482a7888bb101964416cc76","2","hd_dc_roy01_offer_mediation_effect / hd_dc_consume_roy01_mediation_effect","包含定义或引用，不代表整文件均由本任务制作"
"common/scripted_effects/hd_dc_royal_offer_effects.txt","common","存在","不在101文件清单","8805","fc353d3fde137afaffab2c644f2d03b212b2bfc1b6be6292079bfa2e7837c0c6","5","hd_dc_send_royal_support_offer_effect / hd_dc_accept_royal_support_offer_effect / hd_dc_pay_royal_support_reward_effect / hd_dc_refuse_royal_support_offer_effect / hd_dc_maintain_royal_support_offer_effect","包含定义或引用，不代表整文件均由本任务制作"
"common/scripted_effects/hd_dc_royal_pause_effects.txt","common","存在","不在101文件清单","8190","4e5957506098df5bea4ae6c0efefa303f442ffc3a32116515beb9478dfb7830c","8","hd_dc_pause_royal_support_effect / hd_dc_dispatch_claimant_demand_effect / hd_dc_guard_claimant_demand_effect / hd_dc_declare_claimant_faction_war_effect / hd_dc_guard_claimant_faction_war_effect / hd_dc_resume_claimant_mobilization_effect / hd_dc_maintain_royal_pause_effect / hd_dc_accept_claimant_demand_effect","包含定义或引用，不代表整文件均由本任务制作"
"common/scripted_effects/hd_dc_royal_protection_effects.txt","common","存在","字节相同","21092","f30b839121fee5e8e56ddf0b49ea37ef4f71403cff6498a17fbf690096ab8de3","20","hd_dc_request_royal_protection_effect / hd_dc_answer_royal_protection_effect / hd_dc_freeze_protection_subject_effect / hd_dc_clear_protection_reason_effect / hd_dc_begin_protection_reason_effect / hd_dc_begin_protection_positive_imprisonment_effect / hd_dc_begin_protection_positive_execution_effect / hd_dc_capture_protection_reason_effect / hd_dc_freeze_protection_purge_reason_effect / hd_dc_capture_protection_purge_reason_effect / hd_dc_capture_protection_revocation_effect / hd_dc_capture_protection_capital_revocation_effect / hd_dc_capture_protection_direct_title_revocation_effect / hd_dc_clear_title_protection_reason_effect / hd_dc_record_protection_harm_effect / hd_dc_record_protection_unknown_death_effect / hd_dc_record_protection_unknown_revocation_effect / hd_dc_consume_protection_harm_effect / hd_dc_maintain_royal_protection_effect / hd_dc_finish_royal_protection_effect","包含定义或引用，不代表整文件均由本任务制作"
"common/scripted_effects/hd_dc_royal_resolution_effects.txt","common","存在","不在101文件清单","7398","ade6eda0f1636a1644f61f68677bbeca0c3ec05047165c7375b3d374c734ef38","4","hd_dc_observe_royal_war_resolution_effect / hd_dc_settle_royal_enthronement_support_effect / hd_dc_audit_royal_governance_effect / hd_dc_settle_royal_loyal_kin_effect","包含定义或引用，不代表整文件均由本任务制作"
"common/scripted_effects/hd_dc_royal_support_effects.txt","common","存在","不在101文件清单","2747","e222b83019b3b5bbe6105cf82de8332afddf11ac2f7c4dd43e4a9037cea8bef4","1","hd_dc_execute_royal_support_effect","包含定义或引用，不代表整文件均由本任务制作"
"common/scripted_effects/hd_dc_scheduler_effects.txt","common","存在","不在101文件清单","3972","765fb17e172a984809fc4e2879324440d1a9a6374b223295d0ba75bb6eb9b128","1","hd_dc_observe_annual_crisis_pool_effect","包含定义或引用，不代表整文件均由本任务制作"
"common/scripted_effects/hd_dc_theft_effects.txt","common","存在","不在101文件清单","5662","a2800f7538d128ac616ab96c42946c51ddbd4b659f3f56157ee31ec7675773f3","3","hd_dc_begin_theft_phase_effect / hd_dc_withdraw_treasury_effect / hd_dc_commit_theft_withdrawal_effect","包含定义或引用，不代表整文件均由本任务制作"
"common/scripted_effects/hd_dc_theft_pulse_effects.txt","common","缺失","交付清单文件已缺失","0","","0","","只记录现状，未恢复"
"common/scripted_effects/hd_dc_trait_effects.txt","common","存在","不在101文件清单","2970","5e5c115e52c32034c5b104f8af3d7cfaa6dc616520bd42b98e926ba4f8a8e48f","2","hd_dc_prepare_substance_trait_roll_effect / hd_dc_roll_drunkard_effect","包含定义或引用，不代表整文件均由本任务制作"
"common/scripted_effects/hd_dc_unity_effects.txt","common","存在","不在101文件清单","722","ebaef9bbd41a30367f83b204c3631db7e29d437741510e621480cc26f1de7e21","1","hd_dc_add_unity_effect","包含定义或引用，不代表整文件均由本任务制作"
"common/scripted_effects/hd_dc_war_effects.txt","common","存在","不在101文件清单","11093","909fd3c2f6a965928e8a0fe937a19f2b12952e18001df3e88942c7e96deca594","7","hd_dc_bind_core_war_effect / hd_dc_register_started_royal_war_effect / hd_dc_record_core_war_result_effect / hd_dc_capture_royal_final_war_roster_effect / hd_dc_maintain_core_war_effect / hd_dc_refresh_escalation_guard_effect / hd_dc_register_core_war_effect","包含定义或引用，不代表整文件均由本任务制作"
"common/scripted_effects/saas_situation_effects.txt","common","存在","不在101文件清单","4045","3b7ac78f0be8514e270e08bf880aed19cceb994b35ff0d1f441f5d3479ea6a5c","0","","包含定义或引用，不代表整文件均由本任务制作"
"common/scripted_effects/tgp_debate_scripted_effects.txt","common","存在","不在101文件清单","24602","529ed5b7cc132f222714807d3517ae2613df281dd83ffccbdc2b826bb14a0c25","0","","包含定义或引用，不代表整文件均由本任务制作"
"common/scripted_effects/zz_hd_dynastic_cycle_effects.txt","common","存在","字节相同","6242","89409b05ebb4b76ec1e089e5b59e8c4baae24295c40de93399ccabcc45327197","0","","包含定义或引用，不代表整文件均由本任务制作"
"common/scripted_effects/zz_hd_palace_crisis_effects.txt","common","存在","不在101文件清单","19150","f9741f4cae03330cfb6ac36db160714cc8d216aa522fdcbcb62db939135d68e2","0","","包含定义或引用，不代表整文件均由本任务制作"
"common/scripted_effects/zz_hd_uprising_war_effects.txt","common","存在","不在101文件清单","4200","ef96fd76b490b53f24074dd8cbcd92a19c1c859492dd0955e0e18f63ba00a01c","0","","包含定义或引用，不代表整文件均由本任务制作"
"common/scripted_modifiers/hd_dc_faction_modifiers.txt","common","存在","不在101文件清单","770","47ce80953b10be0e5f27abf7723f3ac4646c7fa4d910919d0ed84fe2ae31b18d","1","hd_dc_faction_demand_hazard_modifier","包含定义或引用，不代表整文件均由本任务制作"
"common/scripted_modifiers/hd_dc_hazard_modifiers.txt","common","存在","不在101文件清单","529","00f2ec72a00ae9aac7b73a81e19997acc64a935cf3aa7775bbe1f6c617c731b5","1","hd_dc_scheme_hazard_modifier","包含定义或引用，不代表整文件均由本任务制作"
"common/scripted_rules/00_rules.txt","common","存在","不在101文件清单","41439","fbe91fe7eaa6f33ff9afe7757e5e81a311602b7821bad49ebe828c0fe42b7003","0","","包含定义或引用，不代表整文件均由本任务制作"
"common/scripted_triggers/hd_dc_debug_native_relation_triggers.txt","common","存在","字节相同","1595","943870aad764cb42fa430184b752445ad7b93a04b671321690610ce61bcf8d24","4","hd_dc_debug_adultery_unfaithful_trigger / hd_dc_debug_adultery_valid_partner_trigger / hd_dc_debug_yearly_1010_abductee_trigger / hd_dc_debug_yearly_1010_abductor_trigger","包含定义或引用，不代表整文件均由本任务制作"
"common/scripted_triggers/hd_dc_debug_triggers.txt","common","存在","字节相同","6991","7dadc243ad4396e8dee9b10ee9bbe87b88b0541ea0743c9d357674c9a1b3afa9","12","hd_dc_debug_manual_entry_trigger / hd_dc_debug_family_scene_trigger / hd_dc_debug_rival_scene_trigger / hd_dc_debug_crisis_slot_trigger / hd_dc_debug_roy_entry_trigger / hd_dc_debug_par_entry_trigger / hd_dc_debug_par_scene_trigger / hd_dc_debug_epidemic_county_trigger / hd_dc_debug_epidemic_intensity_trigger / hd_dc_debug_selected_epidemic_county_trigger / hd_dc_debug_roy_potential_trigger / hd_dc_debug_support_sender_trigger","包含定义或引用，不代表整文件均由本任务制作"
"common/scripted_triggers/hd_dc_enemy_child_triggers.txt","common","存在","不在101文件清单","5416","fa000f872fdd2bc7d54afd93dd52301fb196833d919cf017771bd91d50f2543e","9","hd_dc_ord19_visitor_trigger / hd_dc_ord19_eligible_trigger / hd_dc_ord19_window_valid_trigger / hd_dc_ord19_guarantor_trigger / hd_dc_ord19_can_offer_cooperation_trigger / hd_dc_ord19_cooperation_context_trigger / hd_dc_ord19_cooperation_response_trigger / hd_dc_ord19_cooperation_invitation_trigger / hd_dc_ord19_cooperation_letter_trigger","包含定义或引用，不代表整文件均由本任务制作"
"common/scripted_triggers/hd_dc_era_triggers.txt","common","存在","不在101文件清单","2237","2b27860190fff556756e915f4f7dce98bb674dc63cd1a08635b586233bd37f1b","9","hd_dc_snapshot_valid_trigger / hd_dc_has_hegemon_trigger / hd_dc_low_control_trigger / hd_dc_restored_control_trigger / hd_dc_is_mandate_war_trigger / hd_dc_mandate_war_pending_trigger / hd_dc_can_enter_chaos_trigger / hd_dc_can_leave_chaos_trigger / hd_dc_can_receive_mandate_reward_trigger","包含定义或引用，不代表整文件均由本任务制作"
"common/scripted_triggers/hd_dc_existing_trait_pool_triggers.txt","common","存在","不在101文件清单","598","5021e88d47441ea8085abe323fc502ff7e9a5969d73885075201bbad90f298fc","4","hd_dc_existing_pool_drunkard_trigger / hd_dc_existing_pool_rakish_trigger / hd_dc_existing_profligate_candidate_trigger / hd_dc_existing_depressed_candidate_trigger","包含定义或引用，不代表整文件均由本任务制作"
"common/scripted_triggers/hd_dc_faction_pulse_claimant_triggers.txt","common","存在","哈希变化","3168","03a26f2aab1c6a2ee09ebca9b9ebf95f6120f08e493999f607edd5197a5fff54","3","hd_dc_extra_claimant_creator_trigger / hd_dc_extra_claimant_person_trigger / hd_dc_extra_claimant_available_trigger","包含定义或引用，不代表整文件均由本任务制作"
"common/scripted_triggers/hd_dc_faction_pulse_triggers.txt","common","存在","不在101文件清单","1443","d69a184a3a8e7020d48ad2b74b3478751f08401f1ed0a90c6e0e4ba5ee2d0b05","5","hd_dc_extra_faction_vassal_trigger / hd_dc_extra_faction_creator_trigger / hd_dc_extra_faction_county_trigger / hd_dc_extra_character_faction_available_trigger / hd_dc_extra_county_faction_available_trigger","包含定义或引用，不代表整文件均由本任务制作"
"common/scripted_triggers/hd_dc_governance_triggers.txt","common","存在","不在101文件清单","3272","9d8b05f4a5bf9b646d976bba5257b76e10e8529dc73ed52329bb32261272edd2","7","hd_dc_war_disrupts_governance_trigger / hd_dc_governance_peace_trigger / hd_dc_governance_accounts_ready_trigger / hd_dc_governance_substantive_settlement_trigger / hd_dc_governance_full_fulfillment_trigger / hd_dc_governance_reviewer_trigger / hd_dc_governance_window_valid_trigger","包含定义或引用，不代表整文件均由本任务制作"
"common/scripted_triggers/hd_dc_governor_trait_triggers.txt","common","存在","不在101文件清单","2570","8ba62594796c8a93cfe616ad9b171859d5cf055a8dc16a55a7c80538d67d4424","1","hd_dc_governor_trait_candidate_trigger","包含定义或引用，不代表整文件均由本任务制作"
"common/scripted_triggers/hd_dc_hazard_triggers.txt","common","存在","不在101文件清单","517","b91f8f0707d81071920e33a38db6ee105698d9e00f1e2bc26ef9012132f14806","1","hd_dc_scheme_hazard_inputs_trigger","包含定义或引用，不代表整文件均由本任务制作"
"common/scripted_triggers/hd_dc_mechanism_triggers.txt","common","存在","不在101文件清单","688","e3c3e417b1e1c661683e34e371178d87d72f55b5f1071ad99332121a3efd1880","2","hd_dc_in_chaos_region_trigger / hd_dc_can_raid_in_chaos_trigger","包含定义或引用，不代表整文件均由本任务制作"
"common/scripted_triggers/hd_dc_military_selection_triggers.txt","common","存在","不在101文件清单","1130","44c0036830bab8f5debe156f90868e840fa85e38ece7d8d8433cadf2e928c81c","1","hd_dc_military_social_snapshot_valid_trigger","包含定义或引用，不代表整文件均由本任务制作"
"common/scripted_triggers/hd_dc_natural_disaster_triggers.txt","common","存在","不在101文件清单","794","186887f54651c54ad9b2aa05521a1d8999532210c0fe4f64cfef5590beef3bd7","2","hd_dc_earthquake_county_eligible_trigger / hd_dc_flood_county_eligible_trigger","包含定义或引用，不代表整文件均由本任务制作"
"common/scripted_triggers/hd_dc_negative_completion_triggers.txt","common","存在","字节相同","1514","6e9d876a2970a22d26d16b9c4268337cd5ca8b5ae5dc882175dc0bbbfea9c041","2","hd_dc_negative_completion_eligible_trigger / hd_dc_negative_completion_guest_coping_trigger","包含定义或引用，不代表整文件均由本任务制作"
"common/scripted_triggers/hd_dc_ordinary_triggers.txt","common","存在","不在101文件清单","3451","16288884eae025ccb179459848e7e9ea353c8b141dc2fee2972d5af4f8a828f6","8","hd_dc_ord13_petitioner_trigger / hd_dc_ord13_eligible_trigger / hd_dc_ord13_window_valid_trigger / hd_dc_ord13_delegation_valid_trigger / hd_dc_ord13_confidant_trigger / hd_dc_ord13_has_confidant_trigger / hd_dc_ord13_help_response_valid_trigger / hd_dc_ord13_native_stress_followup_trigger","包含定义或引用，不代表整文件均由本任务制作"
"common/scripted_triggers/hd_dc_party_case_triggers.txt","common","存在","不在101文件清单","2329","b26cc02191f3a1e4712d63de7131ecf88f9096c2c442ff6fd8ea5a862c4a1e4e","3","hd_dc_party_case_county_trigger / hd_dc_party_case_current_trigger / hd_dc_party_case_window_valid_trigger","包含定义或引用，不代表整文件均由本任务制作"
"common/scripted_triggers/hd_dc_party_event_triggers.txt","common","存在","不在101文件清单","2203","13850547cbf6719dd2111fc607d92566dc112626aa2ec13c94374d0fd9a00f0b","2","hd_dc_par01_parties_valid_trigger / hd_dc_par01_window_valid_trigger","包含定义或引用，不代表整文件均由本任务制作"
"common/scripted_triggers/hd_dc_party_triggers.txt","common","存在","不在101文件清单","4664","fad70957bec055793ccafc01701a8664395eeadc0fd3e28f2222adf55d749b0c","7","hd_dc_par_named_pair_trigger / hd_dc_par_native_movement_trigger / hd_dc_par_office_member_trigger / hd_dc_par_group_qualified_trigger / hd_dc_par_snapshot_valid_trigger / hd_dc_par_group_snapshot_current_trigger / hd_dc_par_hostile_pair_trigger","包含定义或引用，不代表整文件均由本任务制作"
"common/scripted_triggers/hd_dc_payment_triggers.txt","common","存在","不在101文件清单","1741","c5fb5b2695b580fc68c19428cff69a0d98481dcd7d3d5ccec5c44fd4ddc25fde","2","hd_dc_payment_authorized_trigger / hd_dc_payment_completed_trigger","包含定义或引用，不代表整文件均由本任务制作"
"common/scripted_triggers/hd_dc_policy_audit_triggers.txt","common","存在","不在101文件清单","3236","bad2f18fd24b883306be8f07ee83220b071ba08525c448af7eb89ae0f4f99e23","6","hd_dc_par01_audit_available_trigger / hd_dc_par01_comparison_county_trigger / hd_dc_par01_comparison_available_trigger / hd_dc_par01_audit_context_trigger / hd_dc_par01_executor_window_trigger / hd_dc_par01_auditor_window_trigger","包含定义或引用，不代表整文件均由本任务制作"
"common/scripted_triggers/hd_dc_policy_offer_triggers.txt","common","存在","不在101文件清单","2878","fea8362e5791bb4a3f6bc16cac8f7e0cd64b0d99bfa913e404975ae31ee483cd","2","hd_dc_par01_relief_offer_valid_trigger / hd_dc_par01_offer_context_trigger","包含定义或引用，不代表整文件均由本任务制作"
"common/scripted_triggers/hd_dc_policy_triggers.txt","common","存在","字节相同","5123","65859ae87ca90486979d2dd8ffd1912897cb52e61a1facbb6d7e07e27ea016bc","6","hd_dc_policy_affected_county_trigger / hd_dc_par01_local_agreement_trigger / hd_dc_par01_political_consent_trigger / hd_dc_par01_trial_ready_trigger / hd_dc_policy_notice_recipient_trigger / hd_dc_policy_trial_authority_trigger","包含定义或引用，不代表整文件均由本任务制作"
"common/scripted_triggers/hd_dc_proposal_triggers.txt","common","存在","不在101文件清单","1123","048d9574fa897edb80da8dc6f41ec22610b24521d90e2388c2cbc3233eb10f2e","1","hd_dc_proposal_response_valid_trigger","包含定义或引用，不代表整文件均由本任务制作"
"common/scripted_triggers/hd_dc_ransom_triggers.txt","common","存在","不在101文件清单","2739","32f83a561c21cdf46d32208c6bb90e934e29fea5b0fa42525459722c2e763199","8","hd_dc_ord09_releasable_trigger / hd_dc_ord09_captor_trigger / hd_dc_ord09_prisoner_trigger / hd_dc_ord09_eligible_trigger / hd_dc_ord09_case_valid_trigger / hd_dc_ord09_window_valid_trigger / hd_dc_ord09_exchange_prisoner_trigger / hd_dc_ord09_can_exchange_trigger","包含定义或引用，不代表整文件均由本任务制作"
"common/scripted_triggers/hd_dc_record_triggers.txt","common","存在","不在101文件清单","1570","dc3fe86a567ee427d468998b5dec2d5a151742ab5339da1f71d287356a383c03","1","hd_dc_record_needs_monthly_trigger","包含定义或引用，不代表整文件均由本任务制作"
"common/scripted_triggers/hd_dc_royal_event_triggers.txt","common","存在","不在101文件清单","3118","9ad0fdea0e262e4a2a98c13cb9a4721a586b752e31780dea1fa5cc57b43e3a22","6","hd_dc_roy01_window_valid_trigger / hd_dc_roy01_seat_claim_trigger / hd_dc_roy01_parties_valid_trigger / hd_dc_roy01_neutral_elder_trigger / hd_dc_royal_invitation_delivery_valid_trigger / hd_dc_royal_invitation_valid_trigger","包含定义或引用，不代表整文件均由本任务制作"
"common/scripted_triggers/hd_dc_royal_offer_triggers.txt","common","存在","不在101文件清单","2450","c15bf44b89baa624f6fa31b785d57888995c4b0f6e5ea350d29a1be647141471","2","hd_dc_royal_offer_pair_trigger / hd_dc_royal_offer_response_trigger","包含定义或引用，不代表整文件均由本任务制作"
"common/scripted_triggers/hd_dc_royal_pause_triggers.txt","common","存在","不在101文件清单","718","0a1e43f3aa2ff6fcd13753e7a50efb428c9002fd7de966b0d7f71510ae7e019d","2","hd_dc_claimant_mobilization_paused_trigger / hd_dc_can_pause_royal_support_trigger","包含定义或引用，不代表整文件均由本任务制作"
"common/scripted_triggers/hd_dc_royal_protection_triggers.txt","common","存在","不在101文件清单","967","7e5a260ed5eb4d8fd942cb6c1a77637f5955464773c253fa23c10c22e3444257","2","hd_dc_royal_protection_context_trigger / hd_dc_royal_protection_response_trigger","包含定义或引用，不代表整文件均由本任务制作"
"common/scripted_triggers/hd_dc_royal_resolution_triggers.txt","common","存在","不在101文件清单","1843","2dd17063dbe317b30f578c9ad15c8fe5204094f1ffb5b66af8cd74ff904d0322","3","hd_dc_royal_war_enthronement_trigger / hd_dc_royal_war_defended_trigger / hd_dc_royal_supported_war_resolution_trigger","包含定义或引用，不代表整文件均由本任务制作"
"common/scripted_triggers/hd_dc_royal_support_triggers.txt","common","存在","不在101文件清单","2449","66a3e10abde7ee1d526da2aa1ad0de4dcfc7eed3e82f9b52c2b86ffceceab546","2","hd_dc_royal_support_identity_trigger / hd_dc_royal_support_join_authorized_trigger","包含定义或引用，不代表整文件均由本任务制作"
"common/scripted_triggers/hd_dc_royal_triggers.txt","common","存在","不在101文件清单","1509","a10d1562c3f61670f98f69e88a398e5097eeaa013234fedd446c2c130b05dfff","2","hd_dc_royal_candidate_trigger / hd_dc_royal_story_has_faction_trigger","包含定义或引用，不代表整文件均由本任务制作"
"common/scripted_triggers/hd_dc_theft_pulse_triggers.txt","common","存在","不在101文件清单","1190","4eeb1b2d1b07a787efdeb3971098048f86ae46b078186588a9f1b31760402106","2","hd_dc_theft_pulse_actor_trigger / hd_dc_theft_pulse_target_trigger","包含定义或引用，不代表整文件均由本任务制作"
"common/scripted_triggers/hd_dc_war_triggers.txt","common","存在","不在101文件清单","1190","4349cef06c954a5d43e3ac1c0a63ed1187e8475e086462eaa26d6a86e410bae5","2","hd_dc_all_core_wars_resolved_trigger / hd_dc_automatic_escalation_allowed_trigger","包含定义或引用，不代表整文件均由本任务制作"
"common/situation/situations/z_kuzhu_modified_dynastic_cycle.txt","common","存在","字节相同","75301","c1f02a6f5fdf05e53c5fa4a7c61e56c12155f7076b4128d7995be41b27ba0660","0","","包含定义或引用，不代表整文件均由本任务制作"
"common/story_cycles/hd_dc_records.txt","common","存在","不在101文件清单","252","5d0cf66cd4391694d0c70b9c1d2a213562d84fe05e4bccdcd3416583859cf112","1","hd_dc_record","包含定义或引用，不代表整文件均由本任务制作"
"events/activities/chariot_race_activity/chariot_race_ongoing_events.txt","events","存在","字节相同","129385","0dd4584d101c2d23d9ebdc381d2407c07e6a3ba66bb7cff720e84676e727d169","0","","包含定义或引用，不代表整文件均由本任务制作"
"events/activities/coronation_activity/coronation_events_1.txt","events","存在","不在101文件清单","249147","b7dff43cead0863cf4d9a23fe907758c845cf28f49268115de997022c4c448b3","0","","包含定义或引用，不代表整文件均由本任务制作"
"events/activities/coronation_activity/coronation_events_6.txt","events","存在","字节相同","350934","b878e80a91cbc0ac1dcd80d9a40b485f686bf37bb43574fbff25b92f245dac5c","0","","包含定义或引用，不代表整文件均由本任务制作"
"events/activities/feast_activity/feast_default_events_jason.txt","events","存在","字节相同","13197","39478df243458729adb505309aa88658636090bc089dedab76c4244816102d31","0","","包含定义或引用，不代表整文件均由本任务制作"
"events/activities/feast_activity/main_events/feast_default_events.txt","events","存在","字节相同","286128","c400b1a7d59e2214bb5783d7bf2aef5d857ec15fe25e305d51ff0c205bffd7f6","0","","包含定义或引用，不代表整文件均由本任务制作"
"events/activities/feast_activity/main_events/feast_tsagaan_sar_events.txt","events","存在","不在101文件清单","160670","eef6af2f43132fdea7c0d7d6273c2930ed858a1cfc1d0abb0b513fe8178d3942","0","","包含定义或引用，不代表整文件均由本任务制作"
"events/activities/funeral_activity/funeral_events.txt","events","存在","不在101文件清单","83352","f01e14f7783976e2dcdb303724d3bfdc8dff772e861db7e4abd19edd487680c7","0","","包含定义或引用，不代表整文件均由本任务制作"
"events/activities/hold_court_activity/hold_court_events_general.txt","events","存在","字节相同","619802","893b40bdcb23204f0514a5a8ba114cbab0a37f79859658283e7880a4226f8b94","0","","包含定义或引用，不代表整文件均由本任务制作"
"events/activities/hold_court_activity/hold_court_events_joe.txt","events","存在","字节相同","53919","8414375d4b77a291427f633a4df820b04b9533367aefdc3cbe97be89393c6a5c","0","","包含定义或引用，不代表整文件均由本任务制作"
"events/activities/imperial_examination_activity/imperial_examination_events.txt","events","存在","字节相同","215002","f0bdb87dfea00b6c431fc563a58b6b3b5e491bcf0b976e1b1dcd27476e4ad8ba","0","","包含定义或引用，不代表整文件均由本任务制作"
"events/activities/playdate_activity/playdate_events.txt","events","存在","不在101文件清单","154068","aa75b447b4db128caa0146f38e65e13f0b680de23a724dff4a6a9a93dcb8dbd6","0","","包含定义或引用，不代表整文件均由本任务制作"
"events/activities/tour_activity/tour_phase_host_a_dinner.txt","events","存在","字节相同","248221","e2fa8c18e19d05dc8e5dfaf1282d6d19ba50ef308f9df321f4266d621ca3c7fa","0","","包含定义或引用，不代表整文件均由本任务制作"
"events/activities/tour_activity/tour_travel_events_dan.txt","events","存在","字节相同","46836","80ea8ea6db8aaf3c778ecc9f49f04bb231ee96f792851bdbef2261855ed28588","0","","包含定义或引用，不代表整文件均由本任务制作"
"events/activities/tour_activity/tour_travel_events_james.txt","events","存在","字节相同","17728","2dfca223f0a52ef438133761b6aed5fb9c9841b1c22f6a814364215d104f6812","0","","包含定义或引用，不代表整文件均由本任务制作"
"events/activities/tournaments/contest_events.txt","events","存在","字节相同","357896","c2b91f44c1c0e296de70744cb3fb8356297bf2aa9074ce9d4cd022d86d093bb3","0","","包含定义或引用，不代表整文件均由本任务制作"
"events/activities/tournaments/tournament_events.txt","events","存在","字节相同","376683","d45ad2dc84c26350ad4ee0456670a073b985c6040ac10511980b6ff2927fb807","0","","包含定义或引用，不代表整文件均由本任务制作"
"events/court_events/court_events_general_1.txt","events","存在","字节相同","23617","6bdebd1a181ebefbea490587cb23964d49b9d782af423604d98a8726992b3f2b","0","","包含定义或引用，不代表整文件均由本任务制作"
"events/court_events/court_events_general.txt","events","存在","不在101文件清单","329256","1ac09654017baa00a48c260f5b4a6ac48701f34a72778d2e79555b5b42ee8aaa","0","","包含定义或引用，不代表整文件均由本任务制作"
"events/death_events/death_management_events.txt","events","存在","不在101文件清单","148145","56b0ab59385ddf7c8d39841c1c7d6c524e454c673aed56f43a1b8ab73a1e4957","0","","包含定义或引用，不代表整文件均由本任务制作"
"events/dlc/ach/ach_coronation_events.txt","events","存在","不在101文件清单","185412","d26e402cd3ec246fc18dc42361a2eac64ef4ad0e02e0207e29c4b6117a23e627","0","","包含定义或引用，不代表整文件均由本任务制作"
"events/dlc/bp1/bp1_yearly_events_claudia.txt","events","存在","字节相同","95178","39c81fe07421f597fc32b07e6b95f046c8ad6cd0095a122aa193e3424c471ff7","0","","包含定义或引用，不代表整文件均由本任务制作"
"events/dlc/bp1/bp1_yearly_oltner.txt","events","存在","不在101文件清单","43959","9e310e59b1758b650704d3634bb4b43aad5887258f52ecb3f748241e58198f24","0","","包含定义或引用，不代表整文件均由本任务制作"
"events/dlc/bp1/bp1_yearly.txt","events","存在","字节相同","343944","591722b12784ef88ad09fe841e38b2af9c2a540dfc3445fa1979844a9c4742fa","0","","包含定义或引用，不代表整文件均由本任务制作"
"events/dlc/bp2/bp2_adult_education_activity_events.txt","events","存在","不在101文件清单","84735","214fda2c0966b7d3d4ae53b34991e9935044bebbde9b3c8e78e1d7947277557c","0","","包含定义或引用，不代表整文件均由本任务制作"
"events/dlc/bp2/bp2_yearly_events_6.txt","events","存在","字节相同","332792","d37c5e808d2b9fae8ff42a1572ff568b180d934c22f31d1f969fa2c82b30d139","0","","包含定义或引用，不代表整文件均由本任务制作"
"events/dlc/bp2/bp2_yearly.txt","events","存在","不在101文件清单","109666","4cdc544852aa87b4117b9183deaa00fb24e321e173e3b3e4e95fd83a512e8aa3","0","","包含定义或引用，不代表整文件均由本任务制作"
"events/dlc/ce1/epidemic_events_2.txt","events","存在","字节相同","15611","54c213be83bee96c188983e21b6bdbc7c325ccc30ff968f4ff3d448e0ab4905f","0","","包含定义或引用，不代表整文件均由本任务制作"
"events/dlc/ce1/epidemic_events.txt","events","存在","字节相同","193720","0801409407defc3e515b30c2e27bc2f8783a775886a9204a319c8d40db37b8e6","0","","包含定义或引用，不代表整文件均由本任务制作"
"events/dlc/ce1/legend_spread_events_8.txt","events","存在","字节相同","98246","46e2f1a548700a8274cd056a2a4a7d8bca798eff74bba0965bb9c5e568719817","0","","包含定义或引用，不代表整文件均由本任务制作"
"events/dlc/ep1/ep1_fund_inspiration_events.txt","events","存在","字节相同","525282","2266fcd02ef675d1bb56617ef6d7809702c99fd1f43f5505fcb6a329428d30fd","0","","包含定义或引用，不代表整文件均由本任务制作"
"events/dlc/ep1/ep1_inspiration_system_events.txt","events","存在","不在101文件清单","4052","e1b85d534b855bb1ef887f7deb64686f50825a46093a08a594aa78596f0a4052","0","","包含定义或引用，不代表整文件均由本任务制作"
"events/dlc/ep2/wedding_events/ep2_wedding_events.txt","events","存在","不在101文件清单","534885","23ee39bdacbfbb9743bffbe4088634aabb0285bab26c8d29f75bc1d4d9a9c632","0","","包含定义或引用，不代表整文件均由本任务制作"
"events/dlc/ep3/ep3_decisions_events.txt","events","存在","字节相同","189550","86d66ba62d581f9bf885c0ccae6a2f56aeb35d08298d0f28dea4aa88c0b847a3","0","","包含定义或引用，不代表整文件均由本任务制作"
"events/dlc/ep3/ep3_governor_yearly_3.txt","events","存在","不在101文件清单","147854","ef499ebf260c7bef7440fcd0daf5b1e1002035a14306f0ec9022406ccb44c2db","0","","包含定义或引用，不代表整文件均由本任务制作"
"events/dlc/ep3/ep3_governor_yearly_8.txt","events","存在","字节相同","104685","2ae8dbfb669439b451627df995dd10816d86c8e6c923d2b3806dcf93319abf4d","0","","包含定义或引用，不代表整文件均由本任务制作"
"events/dlc/ep3/ep3_laamp_events.txt","events","存在","字节相同","158012","68797146715ce306bcf22566f35fe6b276d3ae3001cd2a20bafa3e64cbc63393","0","","包含定义或引用，不代表整文件均由本任务制作"
"events/dlc/ep3/ep3_laamp_flavor.txt","events","存在","字节相同","25034","d2914ec62b43bfe43ebfcb818a30e135abf4ca607c05b43f6d72a3686c0bde9c","0","","包含定义或引用，不代表整文件均由本任务制作"
"events/dlc/ep3/ep3_laamp_flavour_ewan_events.txt","events","存在","字节相同","555649","0370671157f2c9b9ee3fee64b614a14ebbecb3d5e0135ac3a06cba26fc908269","0","","包含定义或引用，不代表整文件均由本任务制作"
"events/dlc/ep3/ep3_laamps_provisions.txt","events","存在","字节相同","25465","87c46e525dd3054153a7a7ae74bbd197430ccc762428afd779e52e5dd31ec644","0","","包含定义或引用，不代表整文件均由本任务制作"
"events/dlc/ep3/ep3_story_cycle_grand_ambitions_events.txt","events","存在","字节相同","77332","9b9de227f5cbd89996c104b5104015b1f854bf96d5df67d6e2b4bcf5ee9ce31d","0","","包含定义或引用，不代表整文件均由本任务制作"
"events/dlc/fp1/fp1_other_decision_events.txt","events","存在","字节相同","74216","56a3a8d722f62ee7007ea74d5103be4d1e006f058c62dfd81770b873e7321d53","0","","包含定义或引用，不代表整文件均由本任务制作"
"events/dlc/fp3/fp3_tax_collector_events_ola.txt","events","存在","字节相同","30449","7b00d2cf03b70f53f8c59bc78bfcae51c20efe19cc4b2cf0db0b8aa8251590ec","0","","包含定义或引用，不代表整文件均由本任务制作"
"events/dlc/fp3/fp3_yearly_events_ola_batch_1.txt","events","存在","字节相同","93799","f53490629538c9219f0b44dc05dca869a276282093dc1d71fc46d7dd35a8a881","0","","包含定义或引用，不代表整文件均由本任务制作"
"events/dlc/fp3/fp3_yearly_frontier_chains.txt","events","存在","字节相同","17241","900bf502f65e330cddb2501747757babb3a2f90654ae3df239c20aad1cfaa228","0","","包含定义或引用，不代表整文件均由本任务制作"
"events/dlc/mpo/mpo_decisions_events.txt","events","存在","字节相同","210522","f4ee711ec668c736492ec3756acbe220fac07be01f0917442b9757ac7417abb8","0","","包含定义或引用，不代表整文件均由本任务制作"
"events/dlc/tgp/tgp_dynastic_cycle_decision_events.txt","events","存在","不在101文件清单","3230","bffaebb9ba96a56cedea02fb90f3500333897f1a66c06f59307d14496ec556aa","0","","包含定义或引用，不代表整文件均由本任务制作"
"events/dlc/tgp/tgp_dynastic_cycle_events.txt","events","存在","不在101文件清单","68449","038d37bf1baba495698a41974bc6ae1dde43ea68424d1a0b998cbee2c8a89bab","0","","包含定义或引用，不代表整文件均由本任务制作"
"events/dlc/tgp/tgp_dynastic_cycle_flavor_events.txt","events","存在","不在101文件清单","22497","9631aa16f47dc17c9ef31fe20b25b8a572bf813e603992c3cdda5d675f198fec","0","","包含定义或引用，不代表整文件均由本任务制作"
"events/dlc/tgp/tgp_east_asia_interaction_events.txt","events","存在","不在101文件清单","26760","2abcd4e16c010d8d79ae1c825b96addc53955ff28b5d539f5aca5989555d4867","0","","包含定义或引用，不代表整文件均由本任务制作"
"events/dlc/tgp/tgp_mandala_devaraja_events.txt","events","存在","字节相同","34271","08196ae8954f620687dea94abdb6ad8382ebaf1ece64abaefd3fc462a942d2ab","0","","包含定义或引用，不代表整文件均由本任务制作"
"events/education_and_childhood/child_personality_events_2.txt","events","存在","字节相同","130518","454fcccfbfaf405c5e72107b130ff3fdcc45383c059792e4b131b24790c19cf6","0","","包含定义或引用，不代表整文件均由本任务制作"
"events/education_and_childhood/childhood_events.txt","events","存在","字节相同","151034","cdb02a138f2fe7f7f7270a1696b6b0f07655e688a5e733bd0667fe0fbe1e7189","0","","包含定义或引用，不代表整文件均由本任务制作"
"events/education_and_childhood/hd_mcpe_events.txt","events","存在","字节相同","84955","98239970a184852ce667e5c1710a5ec0b936e5486b901c409ed1be989a91ce7b","0","","包含定义或引用，不代表整文件均由本任务制作"
"events/factions/faction_demands.txt","events","存在","不在101文件清单","101000","a7a8fd8006b1b6e8960eb1d8241eb373924a1a73346e10e6a5ff19a0e5bd6b3e","0","","包含定义或引用，不代表整文件均由本任务制作"
"events/government_events/clan_events.txt","events","存在","不在101文件清单","23720","e463d5b246f3114e2083082dff605f4c2fafe3067eedd0c18e14064fa8066929","0","","包含定义或引用，不代表整文件均由本任务制作"
"events/hd_dc_common_events.txt","events","存在","不在101文件清单","1496","f4a90c1e72b5e87b3a8db7002c153752a801601e3b4cf06c9409155fa6c0aa17","1","hd_dc_com.0004","包含定义或引用，不代表整文件均由本任务制作"
"events/hd_dc_debug_events.txt","events","存在","不在101文件清单","11126","896d59265b448d9528fb8827cea0d1d44949a7979ea338ec3dcea6ab99290feb","6","hd_dc_debug.0001 / hd_dc_debug.0030 / hd_dc_debug.0002 / hd_dc_debug.0010 / hd_dc_debug.0011 / hd_dc_debug.0020","包含定义或引用，不代表整文件均由本任务制作"
"events/hd_dc_debug_impact_events.txt","events","存在","字节相同","30834","1ed381364da41186cf81fb75f078fd086457f7b5093cd9495da28b3dd6b3c774","18","hd_dc_debug.0040 / hd_dc_debug.0041 / hd_dc_debug.0042 / hd_dc_debug.0043 / hd_dc_debug.0049 / hd_dc_debug.0070 / hd_dc_debug.0071 / hd_dc_debug.0072 / hd_dc_debug.0073 / hd_dc_debug.0080 / hd_dc_debug.0081 / hd_dc_debug.0082 / hd_dc_debug.0074 / hd_dc_debug.0075 / hd_dc_debug.0076 / hd_dc_debug.0077 / hd_dc_debug.0078 / hd_dc_debug.0060","包含定义或引用，不代表整文件均由本任务制作"
"events/hd_dc_debug_inspection_events.txt","events","存在","字节相同","13974","9a6869ebaff01d827fb3fc634627a9f94a34011dcc5e5c4d36354417ef5e83d9","3","hd_dc_debug.0003 / hd_dc_debug.0050 / hd_dc_debug.0051","包含定义或引用，不代表整文件均由本任务制作"
"events/hd_dc_era_events.txt","events","存在","不在101文件清单","542","5dad0cbc396fe547757d75963af26c343051b0c98a091bb7b8b1b36c3e8dc13b","1","hd_dc_era.0001","包含定义或引用，不代表整文件均由本任务制作"
"events/hd_dc_faction_pulse_debug_events.txt","events","存在","不在101文件清单","3097","3085dfdb72e542fbdf489a4f311f11566232b4fa0e5d50c56067e16a6b269bf9","1","hd_dc_faction_pulse_debug.0001","包含定义或引用，不代表整文件均由本任务制作"
"events/hd_dc_governance_events.txt","events","存在","不在101文件清单","1491","a1ea9008bc5b2b2ee0b52c612e3970a3422dab71b55aad7a7cb3ef3ab4f393fc","2","hd_dc_gov.0001 / hd_dc_gov.0002","包含定义或引用，不代表整文件均由本任务制作"
"events/hd_dc_ordinary_events.txt","events","存在","字节相同","10229","a3569935a1567d986c1c375aedbd6e59ccddd16917670f9073ace65d56a55d5e","10","hd_dc_ord.0313 / hd_dc_ord.0009 / hd_dc_ord.0209 / hd_dc_ord.0019 / hd_dc_ord.0119 / hd_dc_ord.0219 / hd_dc_ord.0319 / hd_dc_ord.0013 / hd_dc_ord.0113 / hd_dc_ord.0213","包含定义或引用，不代表整文件均由本任务制作"
"events/hd_dc_party_events.txt","events","存在","不在101文件清单","3774","ae4752ff99087482bd6cb255af3a9a982b0b9c07b23d3b7cfe583269e1c825a1","4","hd_dc_par.1202 / hd_dc_par.1101 / hd_dc_par.1201 / hd_dc_par.1001","包含定义或引用，不代表整文件均由本任务制作"
"events/hd_dc_party_node_events.txt","events","存在","不在101文件清单","4193","85d95bae92886183a8470d2d8a9dedc41018248e4c501e3571f0968332c1d33e","4","hd_dc_par.0001 / hd_dc_par.1301 / hd_dc_par.1302 / hd_dc_par.1303","包含定义或引用，不代表整文件均由本任务制作"
"events/hd_dc_royal_events.txt","events","存在","不在101文件清单","4843","f2c6f3042ffd4de4869690e005fe10428f2d113ef7257a1d05e3473680cd8aa2","3","hd_dc_roy.0001 / hd_dc_roy.0101 / hd_dc_roy.0102","包含定义或引用，不代表整文件均由本任务制作"
"events/hd_dc_royal_resolution_events.txt","events","存在","不在101文件清单","1020","b2e52f997555b5bf3a24d09a1ca6e17eba19966bfdc1798e9999c7e0470fd16a","2","hd_dc_roy_end.0001 / hd_dc_roy_end.0002","包含定义或引用，不代表整文件均由本任务制作"
"events/hd_dc_royal_support_events.txt","events","存在","不在101文件清单","4561","428d5c3ca346b48048a356c0c3a67a417b04f3623e0b79bba827df3061e5ca6f","5","hd_dc_support.0008 / hd_dc_support.0208 / hd_dc_support.0408 / hd_dc_support.0308 / hd_dc_support.0108","包含定义或引用，不代表整文件均由本任务制作"
"events/hd_dc_theft_pulse_debug_events.txt","events","存在","不在101文件清单","3223","78bc28059bb92ced6887bf24b5750af11a89e73faadb0206a8f9271e5a73afae","1","hd_dc_theft_pulse_debug.0001","包含定义或引用，不代表整文件均由本任务制作"
"events/kuzhu_dynastic_cycle_events.txt","events","存在","不在101文件清单","2081","76ec455817f290ea594cb677a8a2d7b83c5b83b597d7ec49215807dce945336d","0","","包含定义或引用，不代表整文件均由本任务制作"
"events/lifestyles/governance_lifestyle/stewardship_domain_events.txt","events","存在","字节相同","246581","1a8d090488808f9003ebb9f388b1df63defeac59caac85fde8c0c077f1daac35","0","","包含定义或引用，不代表整文件均由本任务制作"
"events/lifestyles/governance_lifestyle/stewardship_duty_events.txt","events","存在","字节相同","206692","c0d62f79bec50e287b6e76ec904d4ea9388feae9fe31286d0d828751aa22bf23","0","","包含定义或引用，不代表整文件均由本任务制作"
"events/lifestyles/intrigue_lifestyle/intrigue_dread_events.txt","events","存在","字节相同","132508","712ccac06bb83c9bf5dfbb2dfe1af37f1ad0e747e8362d74ee893efece6acd06","0","","包含定义或引用，不代表整文件均由本任务制作"
"events/lifestyles/intrigue_lifestyle/intrigue_scheming_events.txt","events","存在","字节相同","184741","d3c37343a8b7840fe1c9d30f39acda65aad7988619626e7fb7fae4e760d14d38","0","","包含定义或引用，不代表整文件均由本任务制作"
"events/relations_events/adultery_events.txt","events","存在","字节相同","70452","f57efec9f75991468063de3484486754f1767ba06d75ef2f0bab03efcced0b46","0","","包含定义或引用，不代表整文件均由本任务制作"
"events/relations_events/friendship_events.txt","events","存在","字节相同","61702","ae216b75302ec8419d426dc04e25b67137178baee4b071c9818621910ab187f4","0","","包含定义或引用，不代表整文件均由本任务制作"
"events/relations_events/relation_upgrade_events.txt","events","存在","不在101文件清单","104273","839906807e8d8cd45cdd2f166410950f181f0b3103d9b730837f4e8969373327","0","","包含定义或引用，不代表整文件均由本任务制作"
"events/religion_events/human_sacrifice_events.txt","events","存在","字节相同","5507","9b790cd3cfa090aa5b08ef2a45e05ab649ac23b634cc4c37604880a59214027c","0","","包含定义或引用，不代表整文件均由本任务制作"
"events/scheme_events/befriend_scheme/befriend_ongoing_events.txt","events","存在","字节相同","147285","40feb71c91470b1d6052ecbc4e04647d30778d1db4a712225a3ef3b1964eae31","0","","包含定义或引用，不代表整文件均由本任务制作"
"events/scheme_events/governor_contract_events.txt","events","存在","字节相同","104825","29576747a6dce0e99b701b387bb6d618f75b5b359d0347f97d619786de7f0dc1","0","","包含定义或引用，不代表整文件均由本任务制作"
"events/scheme_events/murder_scheme/murder_scheme_maintenance_events.txt","events","存在","不在101文件清单","9987","1f34c98538427fcb33c56bd0488732a682456143591194d9c3dcd48491f01458","0","","包含定义或引用，不代表整文件均由本任务制作"
"events/scheme_events/scheme_critical_moments_events.txt","events","存在","不在101文件清单","219292","7fa8d9f029a31b5f3bbfda6df5828441cef76f65f3f616eae7257171c242e8ac","0","","包含定义或引用，不代表整文件均由本任务制作"
"events/scheme_events/study_confucian_classics_scheme/study_confucian_classics_events.txt","events","存在","不在101文件清单","42421","fad8ce5118f964f31486dcad65fb839fbc243a471d81bc8d1fb872a4c8d6ce49","0","","包含定义或引用，不代表整文件均由本任务制作"
"events/scheme_events/tgp_governor_contract_events_tova.txt","events","存在","字节相同","33681","e9576fe32a9becb327ce759b2dbc98445d755b470e66d8af86f0a332f97fbfc3","0","","包含定义或引用，不代表整文件均由本任务制作"
"events/situation_events/tgp_natural_disaster_events.txt","events","存在","不在101文件清单","60552","87246af212a326e4f84ccca6a967d6c984487a98aefb760b05fc8f8b278ff9c7","0","","包含定义或引用，不代表整文件均由本任务制作"
"events/story_cycles/murders_at_court/story_cycle_murders_at_court_events.txt","events","存在","字节相同","52517","469d70e6150cded824919d4739f36e80a37aa3d3b7704879f94edec0f0fb8ff0","0","","包含定义或引用，不代表整文件均由本任务制作"
"events/story_cycles/peasant_affair/story_cycle_peasant_affair_events.txt","events","存在","字节相同","42687","474b3278d0d46fc7c7b3e2260548e7ceb93750196f2f7ddc41fb8d50def56803","0","","包含定义或引用，不代表整文件均由本任务制作"
"events/stress_events/stress_threshold_events.txt","events","存在","字节相同","432134","38571ff19fc5d3afa97bbac97400f7e4539ca3ccd7fb2f2f23f0058ca655c1ca","0","","包含定义或引用，不代表整文件均由本任务制作"
"events/travel_events/travel_events_filippa.txt","events","存在","字节相同","381272","60e1c1683a1068c42a7385ed7df4129f46bd998956d5d44cd42b25fc880392ff","0","","包含定义或引用，不代表整文件均由本任务制作"
"events/travel_events/travel_events_james.txt","events","存在","字节相同","166899","a7771e303c401599209cfe9f1a06bac4bbc848472fa02e207cb6e0369b77e6ab","0","","包含定义或引用，不代表整文件均由本任务制作"
"events/travel_events/travel_events_oltner_2.txt","events","存在","字节相同","144241","7be6dd0003053b635c80d45a38b83529a6c8224d1bc5b12087ceeaaf97706ae8","0","","包含定义或引用，不代表整文件均由本任务制作"
"events/war_events/combat_events.txt","events","存在","字节相同","61450","5a2f140e298d2a80421cf064cab80d522e667f4e11b8e1efed2f95b62ff99e41","0","","包含定义或引用，不代表整文件均由本任务制作"
"events/witch_events.txt","events","存在","字节相同","91134","2ca14c5721d59a02728942d176eca36bff0166ebb2e691aaa28b04691647a219","0","","包含定义或引用，不代表整文件均由本任务制作"
"events/yearly_events/court_yearly_events.txt","events","存在","字节相同","145407","0fdee009ff8a9646616a471e3c70799f7450deb87380c9496cd83495253cf55d","0","","包含定义或引用，不代表整文件均由本任务制作"
"events/yearly_events/yearly_events_2.txt","events","存在","字节相同","171522","885072fa2b02d33cf58eba2d445094aa18ae5bb436cd8f0825e6609c4a1ad0f2","0","","包含定义或引用，不代表整文件均由本任务制作"
"events/yearly_events/yearly_events_4.txt","events","存在","字节相同","54353","e33d43de97f9f4c11e89a0e45988c5a569eb579d3d4706acf9bb726e0b332fa6","0","","包含定义或引用，不代表整文件均由本任务制作"
"events/yearly_events/yearly_events_5.txt","events","存在","字节相同","154631","f508818c14d0120c018e1e48e11de675eb0aa7989cb82fba9d43336bec229e7b","0","","包含定义或引用，不代表整文件均由本任务制作"
"gui/window_tgp_dynastic_cycle.gui","gui","存在","字节相同","91300","85c61c646062ba4ba5aa6e5d24c4348119d486e519a558459317fa45d3a5405d","0","","包含定义或引用，不代表整文件均由本任务制作"
"localization/replace/simp_chinese/hd_dc_era_override_l_simp_chinese.yml","localization","存在","哈希变化","538","b4d1cf7c2293177d63ce131b15f3dadb8ebf599380ec5b80fda3f77184740de5","0","","包含定义或引用，不代表整文件均由本任务制作"
"localization/simp_chinese/hd_dc_common_l_simp_chinese.yml","localization","存在","不在101文件清单","1205","4f8fc6c7bcbb942f7f4368bafbd395b28a2feb41df997f8c42eec3f7e0a2c0a0","11","hd_dc_com.0004.t / hd_dc_com.0004.desc / hd_dc_com.0004.a / hd_dc_com.0004.a.tt / hd_dc_com.0004.b / hd_dc_com.0004.b.tt / hd_dc_com.0004.c / hd_dc_signed_terms_opinion / hd_dc_counter_terms_opinion / hd_dc_rejected_terms_opinion / hd_dc_theft_pending_credit_tt","包含定义或引用，不代表整文件均由本任务制作"
"localization/simp_chinese/hd_dc_correspondence_l_simp_chinese.yml","localization","存在","哈希变化","3079","c11a04646c9d6ffdeee29d33d26e4329f70dd2c9ca7554e71f048c6274bad59e","18","hd_dc_ord.0019.c / hd_dc_ord.0019.c.tt / hd_dc_ord.0119.t / hd_dc_ord.0119.desc / hd_dc_ord.0119.a / hd_dc_ord.0119.b / hd_dc_ord.0219.t / hd_dc_ord.0219.desc / hd_dc_ord.0219.a / hd_dc_ord.0219.b / hd_dc_ord_correspondence_archive_title / hd_dc_ord.0319.completed / hd_dc_ord.0319.rejected / hd_dc_ord.0319.unpaid / hd_dc_ord.0319.withdrawn / hd_dc_ord.0319.expired / hd_dc_ord.0319.invalidated / hd_dc_ord.0319.a","包含定义或引用，不代表整文件均由本任务制作"
"localization/simp_chinese/hd_dc_debug_inspection_l_simp_chinese.yml","localization","存在","哈希变化","47841","d9c22d6b3e2817642008adc76730deeb153482bc2b2a55f5857e2e682f2dc035","279","hd_dc_debug.native_scene / hd_dc_debug_neg01_desc / hd_dc_debug_neg02_desc / hd_dc_debug_neg03_desc / hd_dc_debug_neg04_desc / hd_dc_debug_neg05_desc / hd_dc_debug_neg06_desc / hd_dc_debug_neg07_desc / hd_dc_debug_neg08_desc / hd_dc_debug_neg09_desc / hd_dc_debug_neg10_desc / hd_dc_debug_neg11_desc / hd_dc_debug_neg12_desc / hd_dc_debug_neg13_desc / hd_dc_debug_neg14_desc / hd_dc_debug_neg15_desc / hd_dc_debug_neg16_desc / hd_dc_debug_neg17_desc / hd_dc_debug_neg18_desc / hd_dc_debug_neg19_desc / hd_dc_debug_neg20_desc / hd_dc_debug_epidemic_smallpox / hd_dc_debug_epidemic_bubonic_plague / hd_dc_debug_epidemic_typhus / hd_dc_debug_epidemic_consumption / hd_dc_debug_epidemic_measles / hd_dc_debug_epidemic_dysentery / hd_dc_debug_epidemic_ergotism / hd_dc_debug_epidemic_minor / hd_dc_debug_epidemic_major / hd_dc_debug_epidemic_apocalyptic / hd_dc_debug.epidemic.menu / hd_dc_debug.epidemic.menu.desc / hd_dc_debug.epidemic.smallpox / hd_dc_debug.epidemic.bubonic_plague / hd_dc_debug.epidemic.typhus / hd_dc_debug.epidemic.consumption / hd_dc_debug.epidemic.measles / hd_dc_debug.epidemic.dysentery / hd_dc_debug.epidemic.ergotism / hd_dc_debug.epidemic.minor / hd_dc_debug.epidemic.major / hd_dc_debug.epidemic.apocalyptic / hd_dc_debug.epidemic.intensity / hd_dc_debug.epidemic.intensity.desc / hd_dc_debug.epidemic.confirm / hd_dc_debug.epidemic.confirm.desc / hd_dc_debug.epidemic.create / hd_dc_debug.epidemic.historical_block / hd_dc_debug.epidemic.dlc_block / hd_dc_debug.epidemic.active_block / hd_dc_debug.epidemic.never_block / hd_dc_debug.epidemic.once_block / hd_dc_debug.faction_scene.populist_county / hd_dc_debug.faction_scene.peasant_county / hd_dc_debug.faction_scene.no_populist / hd_dc_debug.faction_scene.no_peasant / hd_dc_debug.faction_scene.populist / hd_dc_debug.faction_scene.peasant / hd_dc_debug.fields.disaster / hd_dc_debug.fields.disaster_county / hd_dc_debug.relation_scene / hd_dc_debug.relation_scene.desc / hd_dc_debug.relation_scene.family / hd_dc_debug.relation_scene.family.tt / hd_dc_debug.relation_scene.no_family / hd_dc_debug.relation_scene.rival / hd_dc_debug.relation_scene.rival.tt / hd_dc_debug.relation_scene.no_rival / hd_dc_debug.faction_scene / hd_dc_debug.faction_scene.desc / hd_dc_debug.faction_scene.liege / hd_dc_debug.faction_scene.demand_target / hd_dc_debug.faction_scene.no_demand / hd_dc_debug.faction_scene.ready / hd_dc_debug.faction_scene.not_ready / hd_dc_debug.faction_scene.independence / hd_dc_debug.faction_scene.liberty / hd_dc_debug.faction_scene.demand / hd_dc_debug.faction_scene.demand.tt / hd_dc_debug.region.not_emperor / hd_dc_debug.region.no_royals / hd_dc_debug.region.no_parties / hd_dc_debug.region.no_affected_county / hd_dc_debug.region.no_roy_instance / hd_dc_debug.region.outside / hd_dc_debug.scheme_scene / hd_dc_debug.scheme_scene.desc / hd_dc_debug.scheme_scene.murder_target / hd_dc_debug.scheme_scene.abduct_target / hd_dc_debug.scheme_scene.no_murder / hd_dc_debug.scheme_scene.no_abduct / hd_dc_debug.scheme_scene.murder / hd_dc_debug.scheme_scene.abduct / hd_dc_debug.disaster_scene / hd_dc_debug.disaster_scene.desc / hd_dc_debug.disaster_scene.earthquake_target / hd_dc_debug.disaster_scene.flood_target / hd_dc_debug.disaster_scene.no_earthquake / hd_dc_debug.disaster_scene.no_flood / hd_dc_debug.disaster_scene.earthquake / hd_dc_debug.disaster_scene.flood / hd_dc_debug.disaster_scene.created / hd_dc_debug.disaster_scene.unconfirmed / hd_dc_debug.fields.node / hd_dc_debug.fields.actor / hd_dc_debug.fields.roy_choice / hd_dc_debug.fields.support / hd_dc_debug.fields.protection_signature / hd_dc_debug.fields.par_choice / hd_dc_debug.fields.audit_first / hd_dc_debug.fields.audit_second / hd_dc_debug.fields.trial_first / hd_dc_debug.fields.trial_second / hd_dc_debug.fields.ransom / hd_dc_debug.fields.exchange / hd_dc_debug.fields.petitioner / hd_dc_debug.fields.help / hd_dc_debug.fields.help_stress / hd_dc_debug.fields.cooperation / hd_dc_debug.fields.pay_parties / hd_dc_debug.fields.proposal / hd_dc_debug.fields.from_signature / hd_dc_debug.fields.to_signature / hd_dc_debug.fields.trait / hd_dc_debug.native_scene.desc / hd_dc_debug.native_scene.secret_target / hd_dc_debug.native_scene.no_secret_target / hd_dc_debug.native_scene.no_legitimacy / hd_dc_debug.native_scene.no_drunkard / hd_dc_debug.native_scene.secret / hd_dc_debug.native_scene.secret.tt / hd_dc_debug.native_scene.secret_created / hd_dc_debug.native_scene.secret_failed / hd_dc_debug.native_scene.legitimacy_gain / hd_dc_debug.native_scene.legitimacy_loss / hd_dc_debug.native_scene.drunkard / hd_dc_debug.native_scene.drunkard.tt / hd_dc_debug.native_delta / hd_dc_debug.native_delta.desc / hd_dc_debug.native_scene.outbreak_county / hd_dc_debug.native_scene.no_outbreak_county / hd_dc_debug.native_scene.outbreak / hd_dc_debug.native_scene.outbreak.tt / hd_dc_debug.native_scene.outbreak_created / hd_dc_debug.native_scene.outbreak_unconfirmed / hd_dc_debug.history_unavailable / hd_dc_debug.roy01 / hd_dc_debug.roy01.tt / hd_dc_debug.roy08 / hd_dc_debug.roy08.tt / hd_dc_debug.par01 / hd_dc_debug.par01.tt / hd_dc_debug.prepare_roy / hd_dc_debug.prepare_roy.tt / hd_dc_debug.prepare_support / hd_dc_debug.prepare_support.tt / hd_dc_debug.prepare_ord09 / hd_dc_debug.prepare_ord09.tt / hd_dc_debug.prepare_ord13 / hd_dc_debug.prepare_par / hd_dc_debug.prepare_par.tt / hd_dc_debug_party_grievance_opinion / hd_dc_debug_policy_training / hd_dc_debug.prepare_ord13.tt / hd_dc_debug_friend_reason / hd_dc_debug_roy_grievance_opinion / hd_dc_debug.impacts / hd_dc_debug.results / hd_dc_debug.region / hd_dc_debug.region.desc / hd_dc_debug.region.chaos / hd_dc_debug.region.locked / hd_dc_debug.region.prepared / hd_dc_debug.region.party_wait / hd_dc_debug.region.roy_cooldown / hd_dc_debug.region.par_cooldown / hd_dc_debug.region.ordinary_wait / hd_dc_debug.region.invalid / hd_dc_debug.details / hd_dc_debug.older / hd_dc_debug.latest / hd_dc_debug.receipt.desc / hd_dc_debug.receipt.empty / hd_dc_debug.receipt.instance / hd_dc_debug.receipt.payment / hd_dc_debug.receipt.refund / hd_dc_debug.receipt.protection / hd_dc_debug.receipt.protection_wait / hd_dc_debug.receipt.audit_pending / hd_dc_debug.protection.actor / hd_dc_debug.protection.title / hd_dc_debug.protection.imprison / hd_dc_debug.protection.execute / hd_dc_debug.protection.revoke / hd_dc_debug.protection.legal / hd_dc_debug.protection.illegal / hd_dc_debug.protection.unknown / hd_dc_debug.protection.unknown_actor / hd_dc_debug.receipt.pause / hd_dc_debug.receipt.trial / hd_dc_debug.receipt.letters / hd_dc_debug.receipt.closed / hd_dc_debug.receipt.subject / hd_dc_debug.receipt.points / hd_dc_debug.result.roy_code / hd_dc_debug.result.par_code / hd_dc_debug.result.ordinary_code / hd_dc_debug.result.protection_code / hd_dc_debug.result.pause_code / hd_dc_debug.details.desc / hd_dc_debug.result.fulfilled / hd_dc_debug.result.breached / hd_dc_debug.result.invalidated / hd_dc_debug.result.expired / hd_dc_debug.result.partial / hd_dc_debug.result.verified / hd_dc_debug.result.rejected / hd_dc_debug.result.released / hd_dc_debug.result.writing / hd_dc_debug.result.youth_letter / hd_dc_debug.result.guarantor_letter / hd_dc_debug.next / hd_dc_debug.impacts.desc / hd_dc_debug.impact_detail / hd_dc_debug.neg01 / hd_dc_debug.neg02 / hd_dc_debug.neg03 / hd_dc_debug.neg04 / hd_dc_debug.neg05 / hd_dc_debug.neg06 / hd_dc_debug.neg07 / hd_dc_debug.neg08 / hd_dc_debug.neg09 / hd_dc_debug.neg10 / hd_dc_debug.neg11 / hd_dc_debug.neg12 / hd_dc_debug.neg13 / hd_dc_debug.neg14 / hd_dc_debug.neg15 / hd_dc_debug.neg16 / hd_dc_debug.neg17 / hd_dc_debug.neg18 / hd_dc_debug.neg19 / hd_dc_debug.neg20 / hd_dc_debug.neg01.desc / hd_dc_debug.neg02.desc / hd_dc_debug.neg03.desc / hd_dc_debug.neg04.desc / hd_dc_debug.neg05.desc / hd_dc_debug.neg06.desc / hd_dc_debug.neg07.desc / hd_dc_debug.neg08.desc / hd_dc_debug.neg09.desc / hd_dc_debug.neg10.desc / hd_dc_debug.neg11.desc / hd_dc_debug.neg12.desc / hd_dc_debug.neg13.desc / hd_dc_debug.neg14.desc / hd_dc_debug.neg15.desc / hd_dc_debug.neg16.desc / hd_dc_debug.neg17.desc / hd_dc_debug.neg18.desc / hd_dc_debug.neg19.desc / hd_dc_debug.test_unity / hd_dc_debug.test_unity.tt / hd_dc_debug.unity_change / hd_dc_debug.neg20.desc / hd_dc_debug.refresh_stocks / hd_dc_debug.refresh_stocks.tt / hd_dc_debug.test_stress / hd_dc_debug.test_stress.tt / hd_dc_debug.test_native_breakdown / hd_dc_debug.test_native_breakdown.tt / hd_dc_debug.counties / hd_dc_debug.counties.desc / hd_dc_debug.counties.loss / hd_dc_debug.counties.recovery / hd_dc_debug.counties.policy","包含定义或引用，不代表整文件均由本任务制作"
"localization/simp_chinese/hd_dc_debug_l_simp_chinese.yml","localization","存在","哈希变化","4764","c26d3e97546105ed47c6cb95dc4f16b23744f5b52fab57ba96ed644c86d7d91c","41","hd_dc_debug_decision / hd_dc_debug_decision_desc / hd_dc_debug_decision_tooltip / hd_dc_debug_decision_confirm / hd_dc_debug.0001.t / hd_dc_debug.0001.desc / hd_dc_debug.status / hd_dc_debug.w / hd_dc_debug.h / hd_dc_debug.events / hd_dc_debug.prepare / hd_dc_debug.0030.desc / hd_dc_debug.prepare_ord19 / hd_dc_debug.prepare_ord19.tt / hd_dc_debug_trust_opinion / hd_dc_debug_rival_reason / hd_dc_debug.close / hd_dc_debug.back / hd_dc_debug.refresh / hd_dc_debug.refresh.tt / hd_dc_debug.0002.t / hd_dc_debug.0002.ready / hd_dc_debug.0002.waiting / hd_dc_debug.points.desc / hd_dc_debug.minus_10 / hd_dc_debug.minus_1 / hd_dc_debug.plus_1 / hd_dc_debug.plus_10 / hd_dc_debug.set_0 / hd_dc_debug.set_20 / hd_dc_debug.set_40 / hd_dc_debug.set_60 / hd_dc_debug.set_80 / hd_dc_debug.set_100 / hd_dc_debug.0020.desc / hd_dc_debug.ord09 / hd_dc_debug.ord09.tt / hd_dc_debug.ord13 / hd_dc_debug.ord13.tt / hd_dc_debug.ord19 / hd_dc_debug.ord19.tt","包含定义或引用，不代表整文件均由本任务制作"
"localization/simp_chinese/hd_dc_era_l_simp_chinese.yml","localization","存在","字节相同","1809","27571abea302bf84b0c87ab40c0c11b092d97f0588896cb14b3498f6b29ee565","10","hd_dc_era.0001.t / hd_dc_era.0001.desc / hd_dc_era.0001.a / hd_dc_era_no_sovereignty_change_tt / hd_dc_era_rules_tt / hd_dc_mandate_observation_tt / hd_dc_mandate_once_per_era_tt / hd_dc_era_control_status / hd_dc_era_no_holder_status / hd_dc_era_invalid_status","包含定义或引用，不代表整文件均由本任务制作"
"localization/simp_chinese/hd_dc_faction_pulse_debug_l_simp_chinese.yml","localization","存在","不在101文件清单","3024","a841a7aa79355cf6fc9683922e6d8698693879b283aec5dc20d2644e57743825","19","hd_dc_faction_pulse_debug.title / hd_dc_faction_pulse_debug.desc / hd_dc_faction_pulse_debug.outside / hd_dc_faction_pulse_debug.no_title / hd_dc_faction_pulse_debug.low_w / hd_dc_faction_pulse_debug.no_record / hd_dc_faction_pulse_debug.record / hd_dc_faction_pulse_debug.actor / hd_dc_faction_pulse_debug.county / hd_dc_faction_pulse_debug.type / hd_dc_faction_pulse_debug.claimant / hd_dc_faction_pulse_debug.used / hd_dc_faction_pulse_debug.check / hd_dc_faction_pulse_debug.check.tt / hd_dc_extra_faction_low_w / hd_dc_extra_faction_missed / hd_dc_extra_faction_no_type / hd_dc_extra_faction_creation_failed / hd_dc_extra_faction_created","包含定义或引用，不代表整文件均由本任务制作"
"localization/simp_chinese/hd_dc_governance_l_simp_chinese.yml","localization","存在","不在101文件清单","3227","d44e996c665b0835dc7e7ec6b5d9307f8e17c8b79e99a1ebcd18cb4546962893","17","hd_dc_review_governance_decision / hd_dc_review_governance_decision_desc / hd_dc_review_governance_decision_tooltip / hd_dc_review_governance_decision_confirm / hd_dc_governance_review_ready_tt / hd_dc_gov.0001.t / hd_dc_gov.0001.desc / hd_dc_gov.0001.a / hd_dc_gov.0001.a.tt / hd_dc_gov.0001.b / hd_dc_gov.0001.b.tt / hd_dc_gov.0002.t / hd_dc_gov.0002.high / hd_dc_gov.0002.medium / hd_dc_gov.0002.low / hd_dc_gov.0002.breach / hd_dc_gov.0002.a","包含定义或引用，不代表整文件均由本任务制作"
"localization/simp_chinese/hd_dc_ordinary_l_simp_chinese.yml","localization","存在","不在101文件清单","8646","3892008468379d9991759008e4f17552ed0ffdb41aad46096ff70d5b8a2ddbd7","44","hd_dc_ord.0009.t / hd_dc_ord.0009.desc / hd_dc_ord.0009.a / hd_dc_ord.0009.a.tt / hd_dc_ord.0009.b / hd_dc_ord.0009.b.tt / hd_dc_ord.0009.c / hd_dc_ord.0009.c.tt / hd_dc_ord09_a_terms / hd_dc_ord09_c_terms / hd_dc_ord.0209.t / hd_dc_ord.0209.ransomed / hd_dc_ord.0209.exchanged / hd_dc_ord.0209.rejected / hd_dc_ord.0209.partial / hd_dc_ord.0209.unpaid / hd_dc_ord.0209.failed / hd_dc_ord.0209.cancelled / hd_dc_ord.0209.a / hd_dc_ord.0019.t / hd_dc_ord.0019.desc / hd_dc_ord.0019.a / hd_dc_ord.0019.a.tt / hd_dc_ord.0019.b / hd_dc_ord.0019.b.tt / hd_dc_ord.0013.t / hd_dc_ord.0013.desc / hd_dc_ord.0013.a / hd_dc_ord.0013.a.tt / hd_dc_ord.0013.b / hd_dc_ord.0013.b.tt / hd_dc_ord.0013.c / hd_dc_ord.0013.c.tt / hd_dc_ord.invalidated / hd_dc_ord.0113.t / hd_dc_ord.0113.desc / hd_dc_ord.0113.a / hd_dc_ord.0113.a.tt / hd_dc_ord.0113.b / hd_dc_ord.0213.t / hd_dc_ord.0213.helped / hd_dc_ord.0213.declined / hd_dc_ord.0213.a / hd_dc_ordinary_response_opinion","包含定义或引用，不代表整文件均由本任务制作"
"localization/simp_chinese/hd_dc_policy_audit_l_simp_chinese.yml","localization","存在","不在101文件清单","5927","81ff06c160369e9660f09213996d7be2a63672a5515e3624fc539d85421da6c1","27","hd_dc_par.0001.t / hd_dc_par.0001.desc / hd_dc_par.0001.a / hd_dc_par.0001.a.tt / hd_dc_par.0001.b / hd_dc_par.0001.b.tt / hd_dc_par.0001.c / hd_dc_par.0001.c.tt / hd_dc_par.0001.d / hd_dc_par.0001.d.tt / hd_dc_par.invalid / hd_dc_par.1301.t / hd_dc_par.1301.audit / hd_dc_par.1301.relief / hd_dc_par.1301.reserve / hd_dc_par.1301.a / hd_dc_par.1301.b / hd_dc_par.1302.t / hd_dc_par.1302.first / hd_dc_par.1302.second / hd_dc_par.1302.a / hd_dc_par.1302.b / hd_dc_par.1303.t / hd_dc_par.1303.verified / hd_dc_par.1303.partial / hd_dc_par.1303.failed / hd_dc_par.1303.a","包含定义或引用，不代表整文件均由本任务制作"
"localization/simp_chinese/hd_dc_policy_l_simp_chinese.yml","localization","存在","不在101文件清单","6182","33be5af0c27763de4543ab2de5006673ec15b0d2fca433032742c25900d5e2da","35","hd_dc_par_tax_relief_modifier / hd_dc_policy_silenced_opinion / hd_dc_policy_retained_opinion / hd_dc_policy_trial_selected_opinion / hd_dc_policy_trial_passed_over_opinion / hd_dc_par.1101.t / hd_dc_par.1101.desc / hd_dc_par.1101.a / hd_dc_par.1101.a.tt / hd_dc_par.1201.t / hd_dc_par.1201.fulfilled / hd_dc_par.1201.authority_lost / hd_dc_par.1201.interrupted / hd_dc_par.1201.a / hd_dc_par.1201.q.tt / hd_dc_par.1201.no_q.tt / hd_dc_par.1001.t / hd_dc_par.1001.desc / hd_dc_par.1001.a / hd_dc_par.1001.a.tt / hd_dc_par.1001.b / hd_dc_par.1001.b.tt / hd_dc_par.1001.c / hd_dc_par.1001.c.tt / hd_dc_par.window_closed / hd_dc_par01_local_relief_terms / hd_dc_par_tax_relief_modifier_desc / hd_dc_par01_relief_leadership_terms / hd_dc_par.1202.t / hd_dc_par.1202.rejected / hd_dc_par.1202.expired / hd_dc_par.1202.funding_failed / hd_dc_par.1202.invalidated / hd_dc_par.1202.a / hd_dc_par.1202.a.tt","包含定义或引用，不代表整文件均由本任务制作"
"localization/simp_chinese/hd_dc_pressure_l_simp_chinese.yml","localization","存在","不在101文件清单","1619","a6f4b6effafdcb9de0dc582c3db549835148a15f2a28950f8a6c58241baf0661","12","hd_dc_pressure_character_2 / hd_dc_pressure_character_3 / hd_dc_pressure_character_4 / hd_dc_pressure_character_5 / hd_dc_pressure_county_2 / hd_dc_pressure_county_3 / hd_dc_pressure_county_4 / hd_dc_pressure_county_5 / hd_dc_pressure_status / hd_dc_pressure_status_tt / hd_dc_prosperity_status / hd_dc_prosperity_status_tt","包含定义或引用，不代表整文件均由本任务制作"
"localization/simp_chinese/hd_dc_royal_l_simp_chinese.yml","localization","存在","不在101文件清单","7519","b2c033fd86d0839a414d84ed77fb6f8a49d122b74507917daa14f36e60a12b15","40","hd_dc_ritual_register_title / hd_dc_roy.0001.t / hd_dc_roy.0001.desc / hd_dc_roy.0001.a / hd_dc_roy.0001.a.tt / hd_dc_roy.0001.b / hd_dc_roy.0001.b.tt / hd_dc_roy.0001.c / hd_dc_roy.0001.d / hd_dc_roy.0001.d.tt / hd_dc_roy01_mediation_terms / hd_dc_roy01_mediation_written_terms / hd_dc_roy.0101.mediation_success / hd_dc_roy.0101.mediation_failure / hd_dc_roy.0101.mediation_unpaid / hd_dc_roy.0101.mediation_cancelled / hd_dc_roy.0001.c.tt / hd_dc_roy.window_closed / hd_dc_roy01_precedence_terms / hd_dc_roy01_precedence_guarantee / hd_dc_roy.0101.t / hd_dc_roy.0101.accepted / hd_dc_roy.0101.rejected / hd_dc_roy.0101.expired / hd_dc_roy.0101.invalidated / hd_dc_roy.0101.a / hd_dc_roy.0102.t / hd_dc_roy.0102.desc / hd_dc_roy.0102.a / hd_dc_roy.0102.a.tt / hd_dc_roy.0102.b / hd_dc_roy.0102.b.tt / hd_dc_ritual_fairness_opinion / hd_dc_ritual_disappointment_opinion / hd_dc_ritual_command_opinion / hd_dc_ritual_precedence_opinion / hd_dc_royal_cooperation_opinion / hd_dc_royal_support_opinion / hd_dc_ritual_register_tt / hd_dc_ritual_register_row","包含定义或引用，不代表整文件均由本任务制作"
"localization/simp_chinese/hd_dc_royal_pause_l_simp_chinese.yml","localization","存在","不在101文件清单","998","3cc56534e4ec9dbabca1f5eb5f93641a79a39e7679f65f2697f79646fefffb1f","6","hd_dc_support.0008.d / hd_dc_support.0008.d.tt / hd_dc_support.0308.t / hd_dc_support.0308.desc / hd_dc_support.0308.a / hd_dc_support.paused_demand","包含定义或引用，不代表整文件均由本任务制作"
"localization/simp_chinese/hd_dc_royal_protection_l_simp_chinese.yml","localization","存在","不在101文件清单","1891","b42d41763da66f628b8b86d03c18757f643cf68cc9f1f9add03d16bf731cbac8","10","hd_dc_support.0008.b / hd_dc_support.0008.b.tt / hd_dc_support.0208.t / hd_dc_support.0208.desc / hd_dc_support.0208.a / hd_dc_support.0208.b / hd_dc_support.0408.t / hd_dc_support.0408.accepted / hd_dc_support.0408.rejected / hd_dc_support.0408.a","包含定义或引用，不代表整文件均由本任务制作"
"localization/simp_chinese/hd_dc_royal_resolution_l_simp_chinese.yml","localization","存在","不在101文件清单","1951","02fcfb00ac1e10cb2a7b7fee2f8c024800ccb391ff693db0a8496db576480da0","11","hd_dc_roy_end.0001.t / hd_dc_enthronement_support_opinion / hd_dc_faithful_royal_opinion / hd_dc_roy_end.0001.enthroned / hd_dc_roy_end.0001.defended / hd_dc_roy_end.0001.a / hd_dc_roy_end.governance_pending_tt / hd_dc_roy_end.0002.t / hd_dc_roy_end.0002.enthroned / hd_dc_roy_end.0002.defended / hd_dc_roy_end.0002.a","包含定义或引用，不代表整文件均由本任务制作"
"localization/simp_chinese/hd_dc_royal_support_l_simp_chinese.yml","localization","存在","不在101文件清单","2986","5a40c818d243d1d4d9447686ae18148d27c1861428eac838bb8acb6bb380ddb5","18","hd_dc_request_royal_support_interaction / hd_dc_request_royal_support_interaction_desc / hd_dc_support_reward_g1 / hd_dc_support_reward_g2 / hd_dc_support_reward_g3 / hd_dc_support.0008.t / hd_dc_support.0008.desc / hd_dc_support.0008.a / hd_dc_support.0008.a.tt / hd_dc_support.0008.c / hd_dc_support.0008.c.tt / hd_dc_support.0008.invalid / hd_dc_support.0108.t / hd_dc_support.0108.paid / hd_dc_support.0108.unpaid / hd_dc_support.0108.refused / hd_dc_support.0108.failed / hd_dc_support.0108.a","包含定义或引用，不代表整文件均由本任务制作"
"localization/simp_chinese/hd_dc_theft_pulse_debug_l_simp_chinese.yml","localization","存在","不在101文件清单","2099","161cd4484282066989389b4a7efe3e1a3863c87844d03459e0abc0933cff8bc0","16","hd_dc_theft_pulse_debug.title / hd_dc_theft_pulse_debug.gates / hd_dc_theft_pulse_debug.actor / hd_dc_theft_pulse_debug.no_actor / hd_dc_theft_pulse_debug.year / hd_dc_theft_pulse_debug.no_record / hd_dc_theft_pulse_debug.probability / hd_dc_theft_pulse_debug.no_business_candidate / hd_dc_theft_pulse_debug.native_gate_failed / hd_dc_theft_pulse_debug.probability_failed / hd_dc_theft_pulse_debug.started / hd_dc_theft_pulse_debug.native_start_failed / hd_dc_theft_pulse_debug.scheme_exists / hd_dc_theft_pulse_debug.no_scheme / hd_dc_theft_pulse_debug.refresh / hd_dc_theft_pulse_debug.other","包含定义或引用，不代表整文件均由本任务制作"
