全名,ID_A,文件_A,行_A,生卒_A,ID_B,文件_B,行_B,生卒_B,A注释
郭宝,taiyuan_guo_035,00_bingzhou.txt,391,328.1.1~387.1.1,taiyuan_guo_037,00_bingzhou.txt,411,328.1.1~387.1.1,#郭宝
温恕,taiyuan_wen_001,00_bingzhou.txt,1651,147.1.1~193.1.1,wen_shu,east_asian_bingzhou_180_200.txt,489,155.7.1~189.7.1,#温恕 东汉涿郡太守
温恢,taiyuan_wen_002,00_bingzhou.txt,1664,178.1.1~224.1.1,wen_hui,east_asian_bingzhou_180_200.txt,512,178.7.1~222.7.1,#温恢 护羌校尉、凉州刺史(223)
郭淮,taiyuan_guo_003,00_bingzhou.txt,31,178.1.1~255.2.23,guo_huai,east_asian_bingzhou_180_200.txt,287,178.1.1~255.2.23,#郭淮，字伯济 征西将军，都督雍凉诸军事 车骑将军、仪同三司
郭缊,taiyuan_guo_002,00_bingzhou.txt,21,150.1.1~212.1.1,guo_yun,east_asian_bingzhou_180_200.txt,259,150.1.1~212.1.1,#郭缊，雁门太守
郭镇,taiyuan_guo_006,00_bingzhou.txt,63,195.1.1~256.1.1,guo_zhen,east_asian_bingzhou_180_200.txt,338,195.1.1~256.1.1,#郭镇，字季南  魏谒者仆射，昌平侯
郭宝,taiyuan_guo_035,00_bingzhou.txt,391,328.1.1~387.1.1,taiyuan_guo_bao,zz_hd_integrated_s1_characters.txt,30133,328.1.1~387.1.1,#郭宝
郭宝,taiyuan_guo_037,00_bingzhou.txt,411,328.1.1~387.1.1,taiyuan_guo_bao,zz_hd_integrated_s1_characters.txt,30133,328.1.1~387.1.1,#郭宝
温晖,taiyuan_wen_031,00_bingzhou.txt,2117,407.1.1~466.1.1,hd_s2_taiyuan_wen_031_1,zz_hd_integrated_s2_characters.txt,2080,407.1.1~466.1.1,#温晖 兖州左将军府长史，行济阴郡事
郭豫,taiyuan_guo_009,00_bingzhou.txt,96,215.1.1~260.1.1,hd_s2_taiyuan_guo_009_2,zz_hd_integrated_s2_characters.txt,163548,215.1.1~260.1.1,#郭豫，字泰宁，魏相国参军
邓弼,xingye_deng_048,00_jingzhou.txt,2280,104.7.1~170.7.1,deng_bi,east_asian_han_dead_before_180.txt,60883,110.7.1~175.7.1,#邓弼 越骑校尉
刘乂,nanyang_liu_017,00_jingzhou.txt,3758,254.1.1~328.1.1,nanyang_liu_yi,zz_hd_rwu_retained_characters.txt,550,254.1.1~328.1.1,"#刘乂,字幼彦 始安太守 《云笈七签》卷四《上清经述》"
刘暠,nanyang_liu_001,00_jingzhou.txt,3551,194.1.1~256.1.1,liu_gao,zz_hd_rwu_retained_characters.txt,696,194.1.1~256.1.1,#刘暠 曹魏侍中
刘瑕,nanyang_liu_019,00_jingzhou.txt,3786,282.1.1~347.1.1,nanyang_liu_xia,zz_hd_rwu_retained_characters.txt,2,282.1.1~347.1.1,#刘瑕/遐 太尉陶侃从事中郎将 吏部尚书
刘瑾,nanyang_liu_031,00_jingzhou.txt,3944,355.1.1~409.1.1,nanyang_liu_jin,zz_hd_rwu_retained_characters.txt,43,355.1.1~409.1.1,"#刘瑾,字仲璋 尚书、太常卿 《世说新语笺疏·品藻第九》"
刘畅,nanyang_liu_030,00_jingzhou.txt,3930,328.1.1~388.1.1,nanyang_liu_chang,zz_hd_rwu_retained_characters.txt,520,328.1.1~388.1.1,#刘畅
刘阜,nanyang_liu_002,00_jingzhou.txt,3560,225.1.1~284.1.1,liu_fu_3,zz_hd_rwu_retained_characters.txt,626,225.1.1~284.1.1,#刘阜，陈留相
范宁,nanyang_fan_008,00_jingzhou.txt,2476,339.1.1~401.1.1,fan_ning,zz_hd_rwu_retained_characters.txt,472,339.7.1~401.7.1,#范宁 余杭县令（373）临淮太守（379）中书侍郎（380）豫章太守
范晷,nanyang_fan_000,00_jingzhou.txt,2363,231.1.1~299.1.1,nanyang_fan_gui,zz_hd_rwu_retained_characters.txt,612,231.1.1~299.1.1,#范晷 凉州刺史、雍州刺史、左将军
范汪,nanyang_fan_005,00_jingzhou.txt,2432,308.1.1~372.1.1,nanyang_fan_wang,zz_hd_rwu_retained_characters.txt,58,308.1.1~372.1.1,#范汪 东阳太守（347）中领军（349）都督徐兖青冀四州扬州之晋陵诸军事、安北将军、徐兖二州刺史、假节（359）
范泰,nanyang_fan_012,00_jingzhou.txt,2536,355.1.1~428.1.1,fan_tai,zz_hd_rwu_retained_characters.txt,17,355.7.1~428.7.1,#范泰 天门太守（395）侍中（412）度支尚书（415）大司马左长史、右卫将军 尚书，仍照任常侍。兼任司空
范稚,nanyang_fan_002,00_jingzhou.txt,2390,263.1.1~314.1.1,nanyang_fan_zhi,zz_hd_rwu_retained_characters.txt,419,263.1.1~314.1.1,#范稚
邢颖,hejian_xing_013,00_jizhou.txt,1613,390.1.1~441.1.1,hejian_xing_030,00_jizhou.txt,1858,390.1.1~441.1.1,#邢颖，字宗敬 后魏中书侍郎
邢颖,hejian_xing_013,00_jizhou.txt,1613,390.1.1~441.1.1,hejian_xing_ying,zz_hd_integrated_s1_characters.txt,17868,390.1.1~441.1.1,#邢颖，字宗敬 后魏中书侍郎
邢颖,hejian_xing_030,00_jizhou.txt,1858,390.1.1~441.1.1,hejian_xing_ying,zz_hd_integrated_s1_characters.txt,17868,390.1.1~441.1.1,#邢颖，字宗敬 后魏中书侍郎
郭建,xiping_guo_007,00_liangzhou.txt,3864,222.1.1~265.1.1,guo_jian,east_asian_han_180_200.txt,53172,222.1.1~265.1.1,#郭建，字叔始 晋特进
傅玄,beidi_fu_003,00_liangzhou.txt,1498,217.1.1~278.1.1,fu_xuan,east_asian_han_born_after_200.txt,2438,217.7.1~278.7.1,#傅玄 司隶校尉
傅嘏,beidi_fu_042,00_liangzhou.txt,2032,209.1.1~255.1.1,fu_gu,east_asian_liangzhou_born_after_200.txt,35,209.7.1~255.7.1,#傅嘏 曹魏尚书
皇甫规,anding_huangfu_025,00_liangzhou.txt,362,104.1.1~174.1.1,huang_fu_gui_2,east_asian_liangzhou_dead_before_180.txt,338,111.7.1~176.7.1,#皇甫规 度辽将军
郭宪,xiping_guo_002,00_liangzhou.txt,3807,163.1.1~226.1.1,guo_xian,east_asian_yuzhou_180_200.txt,1540,166.7.1~220.7.1,#郭宪，字幼简
郭满,xiping_guo_003,00_liangzhou.txt,3817,183.1.1~240.1.1,guo_man,east_asian_yuzhou_180_200.txt,1588,183.1.1~240.1.1,#郭满
郭立,xiping_guo_004,00_liangzhou.txt,3828,190.1.1~250.1.1,guo_li,east_asian_yuzhou_180_200.txt,1610,190.1.1~250.1.1,#郭立
傅介子,fu_jie_zi,00_liangzhou.txt,1862,-110.1.1~-65.1.1,beidi_fu_029,zz_hd_integrated_s2_characters.txt,164231,-110.1.1~-65.1.1,#傅介子
明俨,pingyuan_ming_008,00_qingzhou.txt,1299,370.1.1~429.1.1,pingyuan_ming_yan,zz_hd_rwu_retained_characters.txt,74,370.1.1~429.1.1,#明俨 州別駕，东海太守
柳庄,hedong_liu_191,00_sili.txt,4489,527.1.1~598.1.1,hedong_liu_206,00_sili.txt,4701,533.1.1~594.1.1,#柳庄 陈度支尚书 隋岐州司马
种拂,henan_zhong_003,00_sili.txt,33,130.1.1~192.6.28,hd184_char_chong_fu,zz_hd184_table_characters.txt,117,130.1.1~,#种拂，字颖伯 颍川太守 司空（190）太常（191）
种暠,henan_zhong_001,00_sili.txt,6,103.1.1~163.4.2,hd184_char_chong_hao,zz_hd184_table_characters.txt,210,104.1.1~164.12.31,#种暠 汉司徒（161）
柳昱,hedong_liu_276,00_sili.txt,5720,760.1.1~804.1.1,han_1804,zz_hd_integrated_s2_characters.txt,113202,760.1.1~804.1.1,"#柳昱，字季昭 殿中少监,驸马都尉 《大唐故银青光禄大夫行殿中少监驸马都尉赠工部尚书河东柳府君墓志铭并序》"
诸葛靓,yangxian_zhuge_001,00_xuzhou.txt,4318,240.1.1~295.1.1,zhu_ge_jing,00_xuzhou.txt,4009,241.7.1~300.7.1,#诸葛靓
刘赦,liu_she,00_xuzhou.txt,4705,145.7.1~206.7.1,liu_she_2,01_peiguo_liu.txt,2571,158.7.1~206.7.1,
张允,zhang_yun,00_yangzhou.txt,825,165.7.1~210.7.1,zhang_yun_2,00_jingzhou.txt,316,175.7.1~208.7.1,
陆景,wujun_lu_015,00_yangzhou.txt,519,250.1.1~280.3.22,lu_jing_2,east_asian_han_180_200.txt,31788,250.7.1~280.7.1,#陆景
贺纯,kuaiji_he_001,00_yangzhou.txt,2668,100.1.1~168.1.1,he_chun,east_asian_han_dead_before_180.txt,13092,110.7.1~175.7.1,#贺纯，字仲真 侍中、江夏太守
陆康,wujun_lu_007,00_yangzhou.txt,421,126.1.1~195.1.1,lu_kang,east_asian_yangzhou_180_200.txt,880,126.7.1~195.7.1,#陆康，字季宁 庐江太守
陆纡,wujun_lu_006,00_yangzhou.txt,411,107.1.1~166.1.1,lu_yu_2,east_asian_yangzhou_180_200.txt,903,107.1.1~166.1.1,#陆纡，字叔盘 汉城门校尉
陆逊,wujun_lu_009,00_yangzhou.txt,441,183.1.1~245.3.19,lu_xun,east_asian_yangzhou_180_200.txt,971,183.7.1~245.3.19,#陆逊
孔湛之,kuaiji_kong_0020,00_yangzhou.txt,4014,430.1.1~465.1.1,hd_s2_kuaiji_kong_0020_1,zz_hd_integrated_s2_characters.txt,129,430.1.1~465.1.1,#孔湛之
陆骏,lu_jun,00_yangzhou.txt,431,150.1.1~200.1.1,wujun_lu_008,zz_hd_integrated_s2_characters.txt,117,150.1.1~200.1.1,#陆骏，字季才
阮籍,chenliu_ruan_006,00_yanzhou.txt,3176,210.1.1~263.1.1,ruan_ji,east_asian_han_born_after_200.txt,4061,210.7.1~263.7.1,#阮籍
羊固,taishan_yang_130,00_yanzhou.txt,3063,280.1.1~339.1.1,hd_s2_taishan_yang_129_2,zz_hd_integrated_s2_characters.txt,163532,280.1.1~339.1.1,#羊固，字道安
蔡宏,chenliu_cai_012,00_yanzhou.txt,312,230.1.1~290.1.1,hd_s2_chenliu_cai_012_3,zz_hd_integrated_s2_characters.txt,2488,230.1.1~290.1.1,#蔡宏，阴平太守
蔡陆,chenliu_cai_lu,00_yanzhou.txt,301,180.1.1~245.1.1,hd_s2_chenliu_cai_012_2,zz_hd_integrated_s2_characters.txt,2475,180.1.1~245.1.1,#蔡陆，魏尚书
李邈,guanghan_li_002,00_yizhou.txt,1293,167.1.1~234.1.1,li_miao,east_asian_han_180_200.txt,1203,167.7.1~234.7.1,#李邈，字汉南
张则,nanzheng_zhang_002,00_yizhou.txt,220,140.1.1~199.1.1,hd184_char_zhang_ze,zz_hd184_table_characters.txt,136,140.1.1~,#张则，字元修 凉州刺史 魏郡太守 曹操度辽将军(188)
刘弘,liu_hong_4,00_youzhou.txt,2166,140.1.1~167.1.1,zhuojun_liu_002,01_peiguo_liu.txt,906,140.1.1~167.1.1,#刘弘
刘禅,liu_chan,00_youzhou.txt,2194,207.7.1~271.7.1,zhuojun_liu_004,01_peiguo_liu.txt,924,207.1.1~271.1.1,#刘禅
荀俣,xun_yu_3,00_yuzhou.txt,6891,193.1.1~220.1.1,yingchuan_xun_010,zz_hd_integrated_s2_characters.txt,2209,193.1.1~220.1.1,#荀俣，字叔倩
荀俭,xun_jian,00_yuzhou.txt,6713,103.1.1~135.1.1,yingchuan_xun_balong1,zz_hd_integrated_s2_characters.txt,2095,103.1.1~135.1.1,#荀俭，字伯慈 汉侍中 
荀彝,xun_yi,00_yuzhou.txt,7570,136.1.1~158.1.1,yingchuan_xun_074,zz_hd_integrated_s2_characters.txt,2233,136.1.1~158.1.1,#荀彝
荀恽,xun_yun,00_yuzhou.txt,6901,190.1.1~222.1.1,yingchuan_xun_011,zz_hd_integrated_s2_characters.txt,2221,190.1.1~222.1.1,#荀恽，字长倩
荀旉,xun_fu,00_yuzhou.txt,6777,103.1.1~155.1.1,yingchuan_xun_balong8,zz_hd_integrated_s2_characters.txt,2139,103.1.1~155.1.1,"#荀旉,字幼慈 司徒掾，年七十"
荀粲,xun_can,00_yuzhou.txt,6860,210.1.1~238.1.1,yingchuan_xun_007,zz_hd_integrated_s2_characters.txt,2172,210.1.1~238.1.1,#荀粲，字奉倩
荀绲,xun_gun,00_yuzhou.txt,6723,104.1.1~169.1.1,yingchuan_xun_balong2,zz_hd_integrated_s2_characters.txt,2106,108.1.1~173.1.1,#荀绲，字仲慈 济南相、尚书
荀缉,xun_ji,00_yuzhou.txt,7588,177.1.1~200.1.1,yingchuan_xun_076,zz_hd_integrated_s2_characters.txt,2244,177.1.1~200.1.1,#荀缉
荀肃,xun_su,00_yuzhou.txt,6768,103.1.1~155.1.1,yingchuan_xun_balong7,zz_hd_integrated_s2_characters.txt,2128,103.1.1~155.1.1,"#荀肃,字敬慈 守舞阳令"
荀诜,xun_shen,00_yuzhou.txt,6881,197.1.1~220.1.1,yingchuan_xun_009,zz_hd_integrated_s2_characters.txt,2197,197.1.1~220.1.1,#荀诜，字曼倩
荀谌,xun_chen,00_yuzhou.txt,6806,160.1.1~208.1.1,yingchuan_xun_004,zz_hd_integrated_s2_characters.txt,2161,163.1.1~212.1.1,#荀谌，字友若
荀适,xun_shi,00_yuzhou.txt,7597,179.1.1~226.1.1,yingchuan_xun_077,zz_hd_integrated_s2_characters.txt,2255,179.1.1~226.1.1,#荀适
荀靖,xun_jing,00_yuzhou.txt,6732,114.1.1~168.1.1,yingchuan_xun_balong3,zz_hd_integrated_s2_characters.txt,2117,114.1.1~168.1.1,"#荀靖,字叔慈"
荀顗,xun_yi_2,00_yuzhou.txt,6871,208.1.1~274.6.19,yingchuan_xun_008,zz_hd_integrated_s2_characters.txt,2185,208.1.1~274.6.19,#荀顗，字景倩 第六子
陈祐,yingchuan_chen_018,00_yuzhou.txt,4525,312.1.1~370.1.1,hd_s2_yingchuan_chen_017_2,zz_hd_integrated_s2_characters.txt,2503,312.1.1~370.1.1,#陈祐 冠军将军，戍洛阳
桓温,longkang_huan_017,00_yuzhou.txt,8236,312.1.1~373.1.1,huan_wen_2,zz_hd_rwu_retained_characters.txt,208,312.7.1~373.7.1,#桓温
丘拱,henan_qiu_063,01_dishishixing.txt,2563,720.1.1~765.1.1,hd_s2_henan_qiu_058_2,zz_hd_integrated_s2_characters.txt,85,720.1.1~765.1.1,#丘拱
丘揆,henan_qiu_058,01_dishishixing.txt,2490,735.1.1~795.1.1,hd_s2_henan_qiu_058_1,zz_hd_integrated_s2_characters.txt,69,735.1.1~795.1.1,#丘揆
达奚令婉,daxi_059,01_dishishixing.txt,1655,590.1.1~667.1.1,hd_s2_daxi_059_2,zz_hd_integrated_s2_characters.txt,51,590.1.1~667.1.1,#达奚令婉 《唐代故济州司马郝君夫人达奚令婉墓誌》
尔朱义琛,erzhu_024,01_neirenzhubu.txt,3139,592.1.1~676.1.1,erzhu_035,01_neirenzhubu.txt,3293,592.1.1~676.1.1,#尔朱义琛 唐银青光禄大夫、定州刺史、上柱国《尔朱义琛墓志》
豆卢求,changli_doulu_034,01_neirenzhubu.txt,3920,788.1.1~851.1.1,changli_doulu_064,01_neirenzhubu.txt,4365,788.1.1~851.1.1,#豆卢求 虔州参军《新表》
刘淡,congtingli_liu_010,01_peiguo_liu.txt,1021,354.1.1~408.1.1,nanyang_liu_009,00_jingzhou.txt,3656,365.1.1~400.1.1,#刘淡 庐江太守
刘广,liu_guang,01_peiguo_liu.txt,4540,105.7.1~150.7.1,liu_guang_2,01_peiguo_liu.txt,4708,110.7.1~154.7.1,
刘熙,xiangxian_liu_020,01_peiguo_liu.txt,251,210.1.1~277.1.1,suiyuli_liu_008,01_peiguo_liu.txt,789,220.1.1~285.1.1,#刘熙
刘翼,liu_yi_3,01_peiguo_liu.txt,1941,103.7.1~155.7.1,imperial_han_14,01_peiguo_liu.txt,5371,110.1.1~150.1.1,
刘亮,suiyuli_liu_006,01_peiguo_liu.txt,770,180.1.1~240.1.1,xiongnu_liu_037,01_shiliuguozhu.txt,3418,192.1.1~248.1.1,#刘亮 邪城令
刘曜,liu_yao,01_peiguo_liu.txt,1469,275.7.1~329.7.1,xiongnu_liu_041,01_shiliuguozhu.txt,3475,280.1.1~329.1.1,
刘靖,xiangxian_liu_019,01_peiguo_liu.txt,241,180.1.1~254.1.1,xiongnu_liu_008,01_shiliuguozhu.txt,2992,190.1.1~248.1.1,#刘靖，字文恭 魏使持节、都督河北道诸军事征北将车建城乡侯
刘熙,liu_xi_2,01_peiguo_liu.txt,1492,315.7.1~329.7.1,liu_xi_3,east_asian_han_born_after_200.txt,263,315.7.1~329.7.1,
刘曜,liu_yao,01_peiguo_liu.txt,1469,275.7.1~329.7.1,liu_yao_3,east_asian_jingzhou_born_after_200.txt,7,275.7.1~329.7.1,
刘备,zhuojun_liu_003,01_peiguo_liu.txt,915,161.1.1~223.6.10,liu_bei,east_asian_youzhou_180_200.txt,404,161.7.16~223.6.10,#刘备 汉昭烈帝
刘熙,xiongnu_liu_044,01_shiliuguozhu.txt,3520,312.1.1~330.10.3,liu_xi_2,01_peiguo_liu.txt,1492,315.7.1~329.7.1,#刘熙
杨腾,chouchi_yang_001,01_shiliuguozhu.txt,6,150.1.1~210.1.1,yang_teng,east_asian_diren_180_200.txt,30,165.7.1~210.7.1,#杨腾
杨驹,chouchi_yang_002,01_shiliuguozhu.txt,14,177.1.1~230.1.1,yang_ju,east_asian_diren_180_200.txt,53,185.7.1~230.7.1,#杨驹
刘熙,xiongnu_liu_044,01_shiliuguozhu.txt,3520,312.1.1~330.10.3,liu_xi_3,east_asian_han_born_after_200.txt,263,315.7.1~329.7.1,#刘熙
李含,fufeng_li_001,01_shiliuguozhu.txt,6401,248.1.1~308.1.1,li_han,east_asian_han_born_after_200.txt,3263,248.1.1~308.1.1,#李含
李始,bacong_li_007,01_shiliuguozhu.txt,5909,270.1.1~307.1.1,li_shi_19,east_asian_han_born_after_200.txt,3751,270.1.1~307.1.1,#李始
李寿,bacong_li_023,01_shiliuguozhu.txt,6128,300.1.1~343.8.30,li_shou,east_asian_han_born_after_200.txt,1914,300.7.1~343.7.1,#李寿 行梁州事（318） 汉昭文帝
李庠,bacong_li_004,01_shiliuguozhu.txt,5877,247.1.1~301.1.1,li_xiang_3,east_asian_han_born_after_200.txt,6398,247.7.1~301.7.1,#李庠
李流,bacong_li_005,01_shiliuguozhu.txt,5888,248.1.1~303.1.1,li_liu,east_asian_han_born_after_200.txt,4491,248.7.1~303.7.1,#李流
李特,bacong_li_002,01_shiliuguozhu.txt,5854,245.1.1~303.1.1,li_te,east_asian_han_born_after_200.txt,1373,245.1.1~303.1.1,#李特
段末波,liaoxi_duan_015,01_shiliuguozhu.txt,1843,291.1.1~325.1.1,duan_mo_bo,east_asian_han_born_after_200.txt,6585,291.1.1~325.1.1,#段末波（段波、段末柸、段末杯） 段部第七任首领（321-325）
石勒,shangdang_shi_003,01_shiliuguozhu.txt,6993,274.1.1~333.8.17,shi_lei,east_asian_jieren_born_after_200.txt,55,274.7.1~333.7.1,#石勒
谯明子,baxi_qiao_005,01_shiliuguozhu.txt,5807,360.1.1~411.1.1,hd_s2_baxi_qiao_005_1,zz_hd_integrated_s2_characters.txt,164215,360.1.1~411.1.1,#谯明子 西蜀巴州刺史
温恭,wen_gong,east_asian_bingzhou_born_after_200.txt,53,204.7.1~276.7.1,taiyuan_wen_004,00_bingzhou.txt,1692,209.1.1~274.1.1,
陈龟,chen_gui_4,east_asian_bingzhou_dead_before_180.txt,168,105.7.1~170.7.1,chen_gui_3,east_asian_han_dead_before_180.txt,14059,110.7.1~175.7.1,
盖延,gai_yan,east_asian_goguryeo_dead_before_180.txt,50,1.7.1~39.7.1,gai_yan_2,east_asian_youzhou_dead_before_180.txt,341,1.7.1~39.7.1,
顾谭,gu_tan,east_asian_han_180_200.txt,19177,203.7.1~244.7.1,wujun_gu_010,00_yangzhou.txt,1830,205.1.1~246.1.1,
阮瑀,ruan_yu,east_asian_han_180_200.txt,9648,150.7.1~212.7.1,chenliu_ruan_005,00_yanzhou.txt,3167,165.1.1~212.1.1,
李邵,li_shao_2,east_asian_han_180_200.txt,1227,169.7.1~225.7.1,guanghan_li_shao,00_yizhou.txt,1164,175.1.1~223.1.1,
李敏,li_min,east_asian_han_180_200.txt,808,142.7.1~202.7.1,liaodong_li_001,00_youzhou.txt,649,150.1.1~202.1.1,
武陔,wu_gai,east_asian_han_180_200.txt,90822,195.7.1~260.7.1,peiguo_wu_002,00_yuzhou.txt,2956,210.1.1~267.1.1,
何霸,he_ba,east_asian_han_180_200.txt,28382,195.7.1~260.7.1,he_ba_2,east_asian_han_180_200.txt,58747,195.7.1~260.7.1,
司马芝,si_ma_zhi,east_asian_han_180_200.txt,33183,195.7.1~260.7.1,si_ma_zhi_2,east_asian_han_180_200.txt,41647,195.7.1~260.7.1,
孟光,meng_guang,east_asian_han_180_200.txt,19389,191.7.1~256.7.1,meng_guang_2,east_asian_han_180_200.txt,43380,195.7.1~260.7.1,
张时,zhang_shi_3,east_asian_han_180_200.txt,79327,195.7.1~260.7.1,zhang_shi_4,east_asian_han_180_200.txt,79350,195.7.1~260.7.1,
徐邈,xu_miao,east_asian_han_180_200.txt,24523,195.7.1~260.7.1,xu_miao_2,east_asian_han_180_200.txt,45366,195.7.1~260.7.1,
李义,li_yi_4,east_asian_han_180_200.txt,35087,195.7.1~260.7.1,li_yi_6,east_asian_han_180_200.txt,85788,195.7.1~260.7.1,
李邵,li_shao,east_asian_han_180_200.txt,642,158.7.1~225.7.1,li_shao_2,east_asian_han_180_200.txt,1227,169.7.1~225.7.1,
梁习,liang_xi,east_asian_han_180_200.txt,30230,195.7.1~260.7.1,liang_xi_2,east_asian_han_180_200.txt,47315,195.7.1~260.7.1,
焦先,jiao_xian,east_asian_han_180_200.txt,36104,195.7.1~260.7.1,jiao_xian_2,east_asian_han_180_200.txt,92665,195.7.1~260.7.1,
许负,xu_fu_4,east_asian_han_180_200.txt,105775,195.7.1~260.7.1,xu_fu_2,east_asian_han_180_200.txt,37607,196.7.1~261.7.1,
谯登,qiao_deng,east_asian_han_180_200.txt,31370,195.7.1~260.7.1,qiao_deng_2,east_asian_han_180_200.txt,106586,195.7.1~260.7.1,
贾洪,jia_hong,east_asian_han_180_200.txt,52037,195.7.1~260.7.1,jia_hong_2,east_asian_han_180_200.txt,107139,195.7.1~260.7.1,
赵达,zhao_da_2,east_asian_han_180_200.txt,52474,195.7.1~260.7.1,zhao_da,east_asian_han_180_200.txt,27814,196.7.1~261.7.1,
邓铜,deng_tong_4,east_asian_han_180_200.txt,52731,195.7.1~260.7.1,deng_tong_5,east_asian_han_180_200.txt,109325,200.7.1~265.7.1,
郑泉,zheng_quan,east_asian_han_180_200.txt,109770,195.7.1~260.7.1,zheng_quan_2,east_asian_han_180_200.txt,109793,195.7.1~260.7.1,
鲍出,bao_chu,east_asian_han_180_200.txt,117948,195.7.1~260.7.1,bao_chu_2,east_asian_han_180_200.txt,117971,195.7.1~260.7.1,
黄朗,huang_lang,east_asian_han_180_200.txt,118477,195.7.1~260.7.1,huang_lang_2,east_asian_han_180_200.txt,118500,195.7.1~260.7.1,
刘廙,liu_yi_9,east_asian_han_180_200.txt,28520,195.7.1~260.7.1,liu_yi_10,east_asian_jingzhou_180_200.txt,638,195.7.1~260.7.1,
刘泌,liu_mi_3,east_asian_han_180_200.txt,62845,190.7.1~255.7.1,liu_mi_2,east_asian_jingzhou_180_200.txt,660,190.7.1~255.7.1,
周不疑,zhou_bu_yi_2,east_asian_han_180_200.txt,67726,192.7.1~208.7.1,zhou_bu_yi,east_asian_jingzhou_180_200.txt,878,192.7.1~208.7.1,
曹节,cao_jie,east_asian_han_180_200.txt,15997,139.7.1~204.7.1,cao_jie_2,east_asian_jingzhou_180_200.txt,616,142.7.1~207.7.1,
李严,li_yan,east_asian_han_180_200.txt,15916,191.7.1~256.7.1,li_yan_2,east_asian_jingzhou_180_200.txt,709,195.7.1~260.7.1,
杨仪,yang_yi_2,east_asian_han_180_200.txt,15793,150.7.1~235.7.1,yang_yi_3,east_asian_jingzhou_180_200.txt,736,150.7.1~235.7.1,
潘濬,pan_jun_2,east_asian_han_180_200.txt,20947,195.7.1~239.7.1,pan_jun_3,east_asian_jingzhou_180_200.txt,763,195.7.1~239.7.1,
潘濬,pan_jun_2,east_asian_han_180_200.txt,20947,195.7.1~239.7.1,pan_jun_4,east_asian_jingzhou_180_200.txt,900,195.7.1~239.7.1,
石伟,shi_wei,east_asian_han_180_200.txt,49190,195.7.1~260.7.1,shi_wei_3,east_asian_jingzhou_180_200.txt,922,195.7.1~260.7.1,
董恢,dong_hui_2,east_asian_han_180_200.txt,37193,195.7.1~260.7.1,dong_hui_3,east_asian_jingzhou_180_200.txt,785,195.7.1~260.7.1,
阎宇,yan_yu_2,east_asian_han_180_200.txt,20383,195.7.1~260.7.1,yan_yu_3,east_asian_jingzhou_180_200.txt,944,195.7.1~260.7.1,
韩宣,han_xuan_2,east_asian_han_180_200.txt,38650,195.7.1~260.7.1,han_xuan_3,east_asian_jizhou_180_200.txt,159,195.7.1~260.7.1,
薛夏,xue_xia,east_asian_han_180_200.txt,102854,190.7.1~255.7.1,xue_xia_2,east_asian_liangzhou_180_200.txt,850,195.7.1~260.7.1,
阎温,yan_wen_2,east_asian_han_180_200.txt,53424,195.7.1~260.7.1,yan_wen,east_asian_liangzhou_180_200.txt,781,195.7.1~260.7.1,
管辂,guan_lu,east_asian_han_180_200.txt,16807,189.7.1~254.7.1,guan_lu_2,east_asian_qingzhou_180_200.txt,223,195.7.1~260.7.1,
华融,hua_rong,east_asian_han_180_200.txt,41159,195.7.1~256.7.1,hua_rong_2,east_asian_xuzhou_180_200.txt,854,195.7.1~256.7.1,
吕岱,lv_dai,east_asian_han_180_200.txt,16607,161.7.1~256.7.1,lv_dai_2,east_asian_xuzhou_180_200.txt,804,161.7.1~256.7.1,
张承,zhang_cheng_2,east_asian_han_180_200.txt,5657,178.7.1~244.7.1,zhang_cheng,east_asian_xuzhou_180_200.txt,295,178.1.1~244.1.1,
卫臻,wei_zhen,east_asian_han_180_200.txt,33159,184.7.1~260.7.1,wei_zhen_2,east_asian_yanzhou_180_200.txt,1302,195.7.1~260.7.1,
边韶,bian_shao,east_asian_han_180_200.txt,22475,100.7.1~182.7.1,bian_shao_2,east_asian_yanzhou_dead_before_180.txt,536,100.7.1~175.7.1,
任熙,ren_xi_2,east_asian_han_180_200.txt,39805,195.7.1~260.7.1,ren_xi,east_asian_yizhou_180_200.txt,303,195.7.1~260.7.1,
司马胜之,si_ma_sheng_zhi,east_asian_han_180_200.txt,65584,195.7.1~260.7.1,si_ma_sheng_zhi_2,east_asian_yizhou_180_200.txt,587,195.7.1~260.7.1,
常播,chang_bo,east_asian_han_180_200.txt,75577,195.7.1~260.7.1,chang_bo_2,east_asian_yizhou_180_200.txt,610,195.7.1~260.7.1,
彭浆,peng_jiang,east_asian_han_180_200.txt,45113,195.7.1~260.7.1,peng_jiang_2,east_asian_yizhou_180_200.txt,656,195.7.1~260.7.1,
彭羕,peng_yang,east_asian_han_180_200.txt,19085,178.7.1~214.7.1,peng_yang_2,east_asian_yizhou_180_200.txt,376,178.7.1~214.7.1,
文立,wen_li_2,east_asian_han_180_200.txt,82474,195.7.1~279.7.1,wen_li_5,east_asian_yizhou_180_200.txt,399,195.7.1~279.7.1,
李毅,li_yi_9,east_asian_han_180_200.txt,17976,195.7.1~260.7.1,li_yi_12,east_asian_yizhou_180_200.txt,422,195.7.1~260.7.1,
杜琼,du_qiong,east_asian_han_180_200.txt,17507,195.7.1~260.7.1,du_qiong_2,east_asian_yizhou_180_200.txt,445,195.7.1~260.7.1,
杜轸,du_zhen_3,east_asian_han_180_200.txt,35593,195.7.1~260.7.1,du_zhen_5,east_asian_yizhou_180_200.txt,468,195.7.1~260.7.1,
王化,wang_hua_2,east_asian_han_180_200.txt,93309,195.7.1~260.7.1,wang_hua,east_asian_yizhou_180_200.txt,514,195.7.1~260.7.1,
秦宓,qin_mi,east_asian_han_180_200.txt,17557,150.7.1~226.7.1,qin_mi_2,east_asian_yizhou_180_200.txt,560,150.7.1~226.7.1,
邓艾,deng_ai_2,east_asian_han_180_200.txt,52704,197.7.1~264.7.1,deng_ai,east_asian_yizhou_180_200.txt,180,197.7.1~264.7.1,
华佗,hua_tuo,east_asian_han_180_200.txt,17438,200.7.1~208.7.1,hua_tuo_2,east_asian_yuzhou_180_200.txt,2213,200.7.1~208.7.1,
华佗,hua_tuo,east_asian_han_180_200.txt,17438,200.7.1~208.7.1,hua_tuo_3,east_asian_yuzhou_180_200.txt,2332,200.7.1~208.7.1,
朱建平,zhu_jian_ping_2,east_asian_han_180_200.txt,46015,195.7.1~260.7.1,zhu_jian_ping,east_asian_yuzhou_180_200.txt,2259,195.7.1~260.7.1,
程秉,cheng_bing_2,east_asian_han_180_200.txt,30786,172.7.1~225.7.1,cheng_bing,east_asian_yuzhou_180_200.txt,2305,172.7.1~225.7.1,
王含,wang_han,east_asian_han_born_after_200.txt,1695,250.7.1~324.7.1,wang_han_4,00_xuzhou.txt,986,261.1.1~324.9.2,
李郃,li_he_4,east_asian_han_born_after_200.txt,1672,798.7.1~842.7.1,li_he,east_asian_nanman_born_after_200.txt,7,798.7.1~842.7.1,
王蕃,wang_fan,east_asian_han_born_after_200.txt,2392,228.7.1~266.7.1,wang_fan_2,east_asian_yangzhou_born_after_200.txt,34,228.7.1~266.7.1,
何攀,he_pan,east_asian_han_born_after_200.txt,1553,244.7.1~301.7.1,he_pan_2,east_asian_yizhou_born_after_200.txt,152,244.7.1~301.7.1,
李郃,li_he_4,east_asian_han_born_after_200.txt,1672,798.7.1~842.7.1,li_he_3,east_asian_yizhou_born_after_200.txt,129,798.7.1~842.7.1,
赵芬,zhao_fen,east_asian_han_born_after_200.txt,4943,517.7.1~594.7.1,tianshui_zhao_025,zz_hd_integrated_s2_characters.txt,463,522.1.1~588.1.1,
邓德,deng_de,east_asian_han_dead_before_180.txt,60929,110.7.1~175.7.1,xingye_deng_045,00_jingzhou.txt,2241,116.7.1~169.1.1,
梁不疑,liang_bu_yi,east_asian_han_dead_before_180.txt,19675,92.7.1~157.7.1,anding_liang_020,00_liangzhou.txt,5079,101.1.1~156.1.1,
乐恢,le_hui,east_asian_han_dead_before_180.txt,14588,110.7.1~175.7.1,le_hui_2,east_asian_han_dead_before_180.txt,14611,110.7.1~175.7.1,
向栩,xiang_xu,east_asian_han_dead_before_180.txt,16152,150.7.1~175.7.1,xiang_xu_2,east_asian_han_dead_before_180.txt,16175,150.7.1~175.7.1,
向长,xiang_zhang,east_asian_han_dead_before_180.txt,16198,110.7.1~175.7.1,xiang_zhang_2,east_asian_han_dead_before_180.txt,32690,110.7.1~175.7.1,
宋弘,song_hong,east_asian_han_dead_before_180.txt,5092,1.7.1~70.7.1,song_hong_2,east_asian_han_dead_before_180.txt,17348,1.7.1~66.7.1,
朱宠,zhu_chong_2,east_asian_han_dead_before_180.txt,42943,110.7.1~175.7.1,zhu_chong_3,east_asian_han_dead_before_180.txt,42966,110.7.1~175.7.1,
杜乔,du_qiao_2,east_asian_han_dead_before_180.txt,19397,110.7.1~175.7.1,du_qiao,east_asian_han_dead_before_180.txt,799,112.7.1~177.7.1,
杜笃,du_du,east_asian_han_dead_before_180.txt,8225,110.7.1~150.7.1,du_du_2,east_asian_han_dead_before_180.txt,19489,110.7.1~150.7.1,
杜诗,du_shi,east_asian_han_dead_before_180.txt,11705,1.7.1~61.7.1,du_shi_3,east_asian_han_dead_before_180.txt,19512,1.7.1~60.7.1,
王丹,wang_dan,east_asian_han_dead_before_180.txt,20365,110.7.1~175.7.1,wang_dan_2,east_asian_han_dead_before_180.txt,20388,110.7.1~175.7.1,
王卓,wang_zhuo,east_asian_han_dead_before_180.txt,20434,110.7.1~175.7.1,wang_zhuo_2,east_asian_han_dead_before_180.txt,49136,110.7.1~175.7.1,
耿晔,geng_ye,east_asian_han_dead_before_180.txt,2420,104.7.1~169.7.1,geng_ye_2,east_asian_han_dead_before_180.txt,54542,110.7.1~175.7.1,
蔡茂,cai_mao_2,east_asian_han_dead_before_180.txt,4148,1.7.1~47.7.1,cai_mao_3,east_asian_han_dead_before_180.txt,22255,1.7.1~47.7.1,
黄尚,huang_shang,east_asian_han_dead_before_180.txt,9676,110.7.1~175.7.1,huang_shang_2,east_asian_han_dead_before_180.txt,68914,110.7.1~175.7.1,
任光,ren_guang,east_asian_han_dead_before_180.txt,3179,1.7.1~29.7.1,ren_guang_2,east_asian_jingzhou_dead_before_180.txt,124,1.7.1~29.7.1,
任延,ren_yan,east_asian_han_dead_before_180.txt,9768,5.7.1~71.7.1,ren_yan_2,east_asian_jingzhou_dead_before_180.txt,147,5.7.1~70.7.1,
冯鲂,feng_fang,east_asian_han_dead_before_180.txt,4954,1.7.1~85.7.1,feng_fang_4,east_asian_jingzhou_dead_before_180.txt,193,1.7.1~85.7.1,
宋均,song_jun,east_asian_han_dead_before_180.txt,1913,110.7.1~175.7.1,song_jun_2,east_asian_jingzhou_dead_before_180.txt,262,110.7.1~175.7.1,
宗慈,zong_ci,east_asian_han_dead_before_180.txt,17487,110.7.1~175.7.1,zong_ci_2,east_asian_jingzhou_dead_before_180.txt,285,110.7.1~175.7.1,
彭宠,peng_chong,east_asian_han_dead_before_180.txt,730,1.7.1~29.7.1,peng_chong_2,east_asian_jingzhou_dead_before_180.txt,78,1.7.1~29.7.1,
朱晖,zhu_hui_4,east_asian_han_dead_before_180.txt,43127,110.7.1~175.7.1,zhu_hui_3,east_asian_jingzhou_dead_before_180.txt,354,110.7.1~175.7.1,
樊宏,fan_hong_2,east_asian_han_dead_before_180.txt,47069,1.7.1~51.7.1,fan_hong,east_asian_jingzhou_dead_before_180.txt,101,1.7.1~51.7.1,
王逸,wang_yi_5,east_asian_han_dead_before_180.txt,8524,85.7.1~175.7.1,wang_yi_6,east_asian_jingzhou_dead_before_180.txt,492,85.7.1~175.7.1,
祝良,zhu_liang,east_asian_han_dead_before_180.txt,6683,110.7.1~175.7.1,zhu_liang_2,east_asian_jingzhou_dead_before_180.txt,883,110.7.1~175.7.1,
蔡伦,cai_lun,east_asian_han_dead_before_180.txt,5553,48.7.1~121.7.1,cai_lun_2,east_asian_jingzhou_dead_before_180.txt,538,48.7.1~121.7.1,
贾复,jia_fu,east_asian_han_dead_before_180.txt,1375,9.7.1~55.7.1,jia_fu_2,east_asian_jingzhou_dead_before_180.txt,584,9.7.1~55.7.1,
郭丹,guo_dan,east_asian_han_dead_before_180.txt,13645,110.7.1~175.7.1,guo_dan_2,east_asian_jingzhou_dead_before_180.txt,699,110.7.1~175.7.1,
阴循,yin_xun_3,east_asian_han_dead_before_180.txt,24234,110.7.1~175.7.1,yin_xun_4,east_asian_jingzhou_dead_before_180.txt,906,110.7.1~175.7.1,
韩歆,han_xin,east_asian_han_dead_before_180.txt,2880,110.7.1~150.7.1,han_xin_2,east_asian_jingzhou_dead_before_180.txt,929,110.7.1~150.7.1,
高凤,gao_feng,east_asian_han_dead_before_180.txt,9630,110.7.1~175.7.1,gao_feng_2,east_asian_jingzhou_dead_before_180.txt,791,110.7.1~175.7.1,
冯勤,feng_qin,east_asian_han_dead_before_180.txt,4931,28.7.1~93.7.1,feng_qin_2,east_asian_jizhou_dead_before_180.txt,58,31.7.1~96.7.1,
刘祐,liu_you,east_asian_han_dead_before_180.txt,4424,110.7.1~175.7.1,liu_you_3,east_asian_jizhou_dead_before_180.txt,104,110.7.1~175.7.1,
巴肃,ba_su,east_asian_han_dead_before_180.txt,10988,110.7.1~175.7.1,ba_su_2,east_asian_jizhou_dead_before_180.txt,173,110.7.1~175.7.1,
李延年,li_yan_nian,east_asian_han_dead_before_180.txt,19167,110.7.1~175.7.1,li_yan_nian_2,east_asian_jizhou_dead_before_180.txt,338,110.7.1~175.7.1,
霍谞,huo_xu,east_asian_han_dead_before_180.txt,5691,110.7.1~175.7.1,huo_xu_2,east_asian_jizhou_dead_before_180.txt,265,110.7.1~175.7.1,
侯霸,hou_ba_2,east_asian_han_dead_before_180.txt,14956,1.7.1~37.7.1,hou_ba,east_asian_liangzhou_dead_before_180.txt,154,1.7.1~37.7.1,
梁慬,liang_qin,east_asian_han_dead_before_180.txt,4677,70.7.1~112.7.1,liang_qin_2,east_asian_liangzhou_dead_before_180.txt,269,70.7.1~112.7.1,
王符,wang_fu_3,east_asian_han_dead_before_180.txt,20641,78.7.1~163.7.1,wang_fu_4,east_asian_liangzhou_dead_before_180.txt,315,78.7.1~163.7.1,
吴良,wu_liang_2,east_asian_han_dead_before_180.txt,33357,110.7.1~175.7.1,wu_liang,east_asian_qingzhou_dead_before_180.txt,30,110.7.1~175.7.1,
江革,jiang_ge,east_asian_han_dead_before_180.txt,20112,110.7.1~175.7.1,jiang_ge_2,east_asian_qingzhou_dead_before_180.txt,99,110.7.1~175.7.1,
淳于恭,chun_yu_gong,east_asian_han_dead_before_180.txt,6545,50.7.1~80.7.1,chun_yu_gong_2,east_asian_qingzhou_dead_before_180.txt,145,50.7.1~80.7.1,
伏恭,fu_gong,east_asian_han_dead_before_180.txt,7258,1.7.1~84.7.1,fu_gong_2,east_asian_xuzhou_dead_before_180.txt,53,1.7.1~84.7.1,
卫宏,wei_hong,east_asian_han_dead_before_180.txt,7511,110.7.1~175.7.1,wei_hong_2,east_asian_xuzhou_dead_before_180.txt,122,110.7.1~175.7.1,
姜肱,jiang_gong_2,east_asian_han_dead_before_180.txt,16773,97.7.1~173.7.1,jiang_gong_3,east_asian_xuzhou_dead_before_180.txt,168,97.7.1~173.7.1,
张步,zhang_bu,east_asian_han_dead_before_180.txt,869,1.7.1~32.7.1,zhang_bu_4,east_asian_xuzhou_dead_before_180.txt,30,1.7.1~32.7.1,
谢禄,xie_lu,east_asian_han_dead_before_180.txt,4171,110.7.1~175.7.1,xie_lu_2,east_asian_xuzhou_dead_before_180.txt,283,110.7.1~175.7.1,
徐穉,xu_zhi_2,east_asian_han_dead_before_180.txt,11245,110.7.1~175.7.1,xu_zhi_3,east_asian_yangzhou_dead_before_180.txt,99,110.7.1~175.7.1,
王充,wang_chong_2,east_asian_han_dead_before_180.txt,20411,27.7.1~97.7.1,wang_chong_3,east_asian_yangzhou_dead_before_180.txt,191,27.7.1~97.7.1,
谢夷吾,xie_yi_wu,east_asian_han_dead_before_180.txt,22831,110.7.1~175.7.1,xie_yi_wu_2,east_asian_yangzhou_dead_before_180.txt,237,110.7.1~175.7.1,
郑弘,zheng_hong,east_asian_han_dead_before_180.txt,13507,110.7.1~175.7.1,zheng_hong_2,east_asian_yangzhou_dead_before_180.txt,283,110.7.1~175.7.1,
陈重,chen_zhong_2,east_asian_han_dead_before_180.txt,14036,110.7.1~175.7.1,chen_zhong_3,east_asian_yangzhou_dead_before_180.txt,352,110.7.1~175.7.1,
雷义,lei_yi,east_asian_han_dead_before_180.txt,24465,110.7.1~175.7.1,lei_yi_2,east_asian_yangzhou_dead_before_180.txt,375,110.7.1~175.7.1,
黄昌,huang_chang_2,east_asian_han_dead_before_180.txt,25247,110.7.1~175.7.1,huang_chang,east_asian_yangzhou_dead_before_180.txt,444,110.7.1~175.7.1,
丁恭,ding_gong_2,east_asian_han_dead_before_180.txt,5760,110.7.1~175.7.1,ding_gong_4,east_asian_yanzhou_dead_before_180.txt,53,110.7.1~175.7.1,
刘儒,liu_ru,east_asian_han_dead_before_180.txt,15370,110.7.1~175.7.1,liu_ru_2,east_asian_yanzhou_dead_before_180.txt,99,110.7.1~175.7.1,
刘昆,liu_kun,east_asian_han_dead_before_180.txt,15508,110.7.1~175.7.1,liu_kun_2,east_asian_yanzhou_dead_before_180.txt,122,110.7.1~175.7.1,
史弼,shi_bi,east_asian_han_dead_before_180.txt,16060,110.7.1~175.7.1,shi_bi_2,east_asian_yanzhou_dead_before_180.txt,674,110.7.1~175.7.1,
吴佑,wu_you_2,east_asian_han_dead_before_180.txt,33058,110.7.1~175.7.1,wu_you,east_asian_yanzhou_dead_before_180.txt,168,110.7.1~175.7.1,
夏馥,xia_fu_3,east_asian_han_dead_before_180.txt,35037,110.7.1~175.7.1,xia_fu,east_asian_yanzhou_dead_before_180.txt,191,110.7.1~175.7.1,
张升,zhang_sheng_4,east_asian_han_dead_before_180.txt,39607,110.7.1~175.7.1,zhang_sheng_2,east_asian_yanzhou_dead_before_180.txt,214,110.7.1~175.7.1,
王考,wang_kao,east_asian_han_dead_before_180.txt,50448,110.7.1~175.7.1,wang_kao_2,east_asian_yanzhou_dead_before_180.txt,720,110.7.1~175.7.1,
申屠蟠,shen_tu_pan_2,east_asian_han_dead_before_180.txt,21193,110.7.1~175.7.1,shen_tu_pan,east_asian_yanzhou_dead_before_180.txt,375,110.7.1~175.7.1,
秦周,qin_zhou,east_asian_han_dead_before_180.txt,52518,110.7.1~175.7.1,qin_zhou_2,east_asian_yanzhou_dead_before_180.txt,743,110.7.1~175.7.1,
符融,fu_rong_4,east_asian_han_dead_before_180.txt,21561,110.7.1~175.7.1,fu_rong_3,east_asian_yanzhou_dead_before_180.txt,398,110.7.1~175.7.1,
范冉,fan_ran,east_asian_han_dead_before_180.txt,12652,112.7.1~175.7.1,fan_ran_2,east_asian_yanzhou_dead_before_180.txt,421,112.7.1~175.7.1,
董宣,dong_xuan,east_asian_han_dead_before_180.txt,4793,110.7.1~175.7.1,dong_xuan_2,east_asian_yanzhou_dead_before_180.txt,467,110.7.1~175.7.1,
魏相,wei_xiang,east_asian_han_dead_before_180.txt,9653,110.7.1~175.7.1,wei_xiang_2,east_asian_yanzhou_dead_before_180.txt,812,110.7.1~175.7.1,
杨厚,yang_hou,east_asian_han_dead_before_180.txt,1536,102.7.1~167.7.1,yang_hou_2,east_asian_yizhou_dead_before_180.txt,214,110.7.1~175.7.1,
杨终,yang_zhong_2,east_asian_han_dead_before_180.txt,6428,46.7.1~111.7.1,yang_zhong_3,east_asian_yizhou_dead_before_180.txt,260,46.7.1~111.7.1,
王忳,wang_tun_2,east_asian_han_dead_before_180.txt,49597,110.7.1~175.7.1,wang_tun,east_asian_yizhou_dead_before_180.txt,329,110.7.1~175.7.1,
丁鸿,ding_hong,east_asian_han_dead_before_180.txt,1867,50.7.1~94.7.1,ding_hong_2,east_asian_yuzhou_dead_before_180.txt,580,50.7.1~94.7.1,
傅俊,fu_jun,east_asian_han_dead_before_180.txt,3225,1.7.1~31.7.1,fu_jun_2,east_asian_yuzhou_dead_before_180.txt,603,1.7.1~31.7.1,
刘矩,liu_ju_3,east_asian_han_dead_before_180.txt,2627,110.7.1~175.7.1,liu_ju_4,east_asian_yuzhou_dead_before_180.txt,649,110.7.1~175.7.1,
周举,zhou_ju,east_asian_han_dead_before_180.txt,1651,108.7.1~173.7.1,zhou_ju_2,east_asian_yuzhou_dead_before_180.txt,695,110.7.1~175.7.1,
周嘉,zhou_jia,east_asian_han_dead_before_180.txt,16451,110.7.1~175.7.1,zhou_jia_2,east_asian_yuzhou_dead_before_180.txt,718,110.7.1~175.7.1,
周燮,zhou_xie_2,east_asian_han_dead_before_180.txt,33817,110.7.1~175.7.1,zhou_xie,east_asian_yuzhou_dead_before_180.txt,741,110.7.1~175.7.1,
唐姬,tang_ji,east_asian_han_dead_before_180.txt,10458,110.7.1~175.7.1,tang_ji_2,east_asian_yuzhou_dead_before_180.txt,1412,110.7.1~175.7.1,
蔡衍,cai_yan_3,east_asian_han_dead_before_180.txt,12860,110.7.1~175.7.1,cai_yan_4,east_asian_yuzhou_dead_before_180.txt,1090,110.7.1~175.7.1,
许慎,xu_shen,east_asian_han_dead_before_180.txt,3640,110.7.1~175.7.1,xu_shen_2,east_asian_yuzhou_dead_before_180.txt,1159,110.7.1~175.7.1,
赵孝,zhao_xiao,east_asian_han_dead_before_180.txt,9216,110.7.1~175.7.1,zhao_xiao_2,east_asian_yuzhou_dead_before_180.txt,1228,110.7.1~175.7.1,
陈蕃,chen_fan,east_asian_han_dead_before_180.txt,431,90.7.1~168.7.1,chen_fan_2,east_asian_yuzhou_dead_before_180.txt,1320,90.7.1~168.7.1,
许慈,xu_ci_2,east_asian_jingzhou_180_200.txt,807,195.7.1~260.7.1,xu_ci,east_asian_han_born_after_200.txt,2665,203.7.1~268.7.1,
潘濬,pan_jun_3,east_asian_jingzhou_180_200.txt,763,195.7.1~239.7.1,pan_jun_4,east_asian_jingzhou_180_200.txt,900,195.7.1~239.7.1,
刘曜,liu_yao_3,east_asian_jingzhou_born_after_200.txt,7,275.7.1~329.7.1,xiongnu_liu_041,01_shiliuguozhu.txt,3475,280.1.1~329.1.1,
宗预,zong_yu_2,east_asian_jingzhou_born_after_200.txt,31,229.7.1~294.7.1,zong_yu,east_asian_han_born_after_200.txt,1327,234.7.1~299.7.1,
吴汉,wu_han_2,east_asian_jingzhou_dead_before_180.txt,216,110.7.1~175.7.1,wu_han_3,east_asian_jingzhou_dead_before_180.txt,814,110.7.1~175.7.1,
傅允,fu_yun,east_asian_liangzhou_180_200.txt,400,168.7.1~228.7.1,fu_yun_2,00_liangzhou.txt,2004,174.1.1~233.1.1,
傅巽,fu_xun,east_asian_liangzhou_180_200.txt,372,162.7.1~230.7.1,beidi_fu_041,00_liangzhou.txt,2018,177.1.1~233.1.1,
傅睿,fu_rui,east_asian_liangzhou_180_200.txt,349,124.7.1~206.7.1,beidi_fu_039,00_liangzhou.txt,1990,137.1.1~209.1.1,
李郃,li_he,east_asian_nanman_born_after_200.txt,7,798.7.1~842.7.1,li_he_3,east_asian_yizhou_born_after_200.txt,129,798.7.1~842.7.1,
滕抚,teng_fu_2,east_asian_qingzhou_dead_before_180.txt,168,110.7.1~175.7.1,teng_fu,east_asian_han_180_200.txt,24918,116.7.1~181.7.1,
何熙,he_xi_2,east_asian_wuhuan_dead_before_180.txt,30,50.7.1~115.7.1,he_xi_3,east_asian_yuzhou_dead_before_180.txt,1389,50.7.1~115.7.1,
胡遵,hu_zun,east_asian_xiongnu_180_200.txt,934,200.7.1~256.7.1,anding_hu_001,00_liangzhou.txt,776,201.1.1~256.1.1,
诸葛诞,zhu_ge_dan_2,east_asian_xuzhou_180_200.txt,776,206.7.1~258.7.1,yangxian_zhuge_000,00_xuzhou.txt,4304,210.1.1~258.4.10,
陆绩,lu_ji,east_asian_yangzhou_180_200.txt,1002,187.7.1~219.7.1,wujun_lu_037,00_yangzhou.txt,755,188.1.1~219.1.1,
李进,li_jin,east_asian_yanzhou_180_200.txt,54,158.7.1~195.7.1,li_jin_2,00_liangzhou.txt,4424,173.7.1~198.7.1,
刘琰,liu_yan_7,east_asian_yuzhou_180_200.txt,2236,195.7.1~260.7.1,liu_yan_6,east_asian_han_born_after_200.txt,1822,203.7.1~268.7.1,
华佗,hua_tuo_2,east_asian_yuzhou_180_200.txt,2213,200.7.1~208.7.1,hua_tuo_3,east_asian_yuzhou_180_200.txt,2332,200.7.1~208.7.1,
夏侯惠,xia_hou_hui,east_asian_yuzhou_180_200.txt,2185,206.7.1~242.7.1,qiaojun_xiahou_029,zz_hd_integrated_s2_characters.txt,2378,210.1.1~248.1.1,
应奉,ying_feng_2,east_asian_yuzhou_dead_before_180.txt,859,110.7.1~175.7.1,runan_ying_011,00_yuzhou.txt,3366,120.1.1~169.1.1,
司马范之,si_ma_fan_zhi,zz_hd_integrated_s1_characters.txt,31872,340.1.1~391.1.1,si_ma_fan_zhi_2,zz_hd_integrated_s1_characters.txt,31957,344.1.1~391.8.4,# 司马范之｜河内司马氏
司马钦,si_ma_qin,zz_hd_integrated_s1_characters.txt,31488,300.1.1~365.1.1,si_ma_qin_2,zz_hd_integrated_s1_characters.txt,31579,306.1.1~365.5.6,# 司马钦｜河内司马氏
郁久闾 name,yujiulv_80002,zz_hd_integrated_s1_characters.txt,24559,516.1.1~540.1.1,yujiulv_80003,zz_hd_integrated_s1_characters.txt,24581,518.1.1~548.5.6,
郁久闾Mou,yujiulv_muman_2,zz_hd_integrated_s1_characters.txt,14989,390.1.1~445.1.1,yujiulv_wujie_0001,zz_hd_integrated_s1_characters.txt,15097,399.1.1~448.1.1,
郁久闾Mou,yujiulv_ye_2,zz_hd_integrated_s1_characters.txt,23817,449.1.1~499.1.1,yujiulv_shiying_02,zz_hd_integrated_s1_characters.txt,23834,450.1.1~500.1.1,
郁久闾Mou,yujiulv_ye_2,zz_hd_integrated_s1_characters.txt,23817,449.1.1~499.1.1,yujiulv_wujie_0004,zz_hd_integrated_s1_characters.txt,23851,450.1.1~496.1.1,
郁久闾Mou,yujiulv_shiying_02,zz_hd_integrated_s1_characters.txt,23834,450.1.1~500.1.1,yujiulv_wujie_0004,zz_hd_integrated_s1_characters.txt,23851,450.1.1~496.1.1,
郑信,zheng_xin_2,zz_hd_integrated_s1_characters.txt,3128,531.1.1~588.1.1,zheng_xin,zz_hd_integrated_s1_characters.txt,3256,545.1.1~592.1.1,#郑信 隋秘書郎 # 郑信｜荥阳郑氏
霍弋,nanjun_huo_003,zz_hd_integrated_s2_characters.txt,163516,206.1.1~267.1.1,huo_yi,00_jingzhou.txt,3525,207.7.1~270.7.1,#霍弋 晋南中监军
柳岑,han_799,zz_hd_integrated_s2_characters.txt,83986,669.1.1~730.1.1,hedong_liu_264,00_sili.txt,5539,680.1.1~731.1.1,
夏侯威,qiaojun_xiahou_027,zz_hd_integrated_s2_characters.txt,2346,201.1.1~249.1.1,xia_hou_wei,east_asian_yuzhou_180_200.txt,2157,204.7.1~253.7.1,#夏侯威
于休烈,han_90064,zz_hd_integrated_s2_characters.txt,162544,690.1.1~772.1.1,han_975,zz_hd_integrated_s2_characters.txt,82073,692.1.1~772.1.1,
于志寧,han_339,zz_hd_integrated_s2_characters.txt,81961,588.1.1~665.1.1,han_90040,zz_hd_integrated_s2_characters.txt,162184,588.1.1~665.1.1,
于敖,han_1915,zz_hd_integrated_s2_characters.txt,82106,765.1.1~830.1.1,han_90069,zz_hd_integrated_s2_characters.txt,162619,765.1.1~830.1.1,
于珪,han_90071,zz_hd_integrated_s2_characters.txt,162649,812.1.1~867.1.1,han_3191,zz_hd_integrated_s2_characters.txt,82118,816.1.1~873.1.1,
于謹,han_115,zz_hd_integrated_s2_characters.txt,81877,493.1.1~568.1.1,han_90025,zz_hd_integrated_s2_characters.txt,161958,493.1.1~568.5.5,
于默成,han_765,zz_hd_integrated_s2_characters.txt,82062,665.1.1~724.1.1,han_90058,zz_hd_integrated_s2_characters.txt,162454,666.1.1~716.1.1,
劉令淑,han_9562,zz_hd_integrated_s2_characters.txt,108503,1063.1.1~1133.1.1,han_9705,zz_hd_integrated_s2_characters.txt,93458,1065.1.1~1128.1.1,
劉昱,han_8098,zz_hd_integrated_s2_characters.txt,6444,1034.1.1~1114.1.1,han_8152,zz_hd_integrated_s2_characters.txt,31396,1035.1.1~1106.1.1,
司圖,han_3700,zz_hd_integrated_s2_characters.txt,147823,836.1.1~908.1.1,han_3720,zz_hd_integrated_s2_characters.txt,106632,837.1.1~908.1.1,
周淵,han_9385,zz_hd_integrated_s2_characters.txt,45677,1059.1.1~1127.1.1,han_9455,zz_hd_integrated_s2_characters.txt,75853,1060.1.1~1131.1.1,
崔孙孙,han_2931,zz_hd_integrated_s2_characters.txt,111865,808.1.1~870.1.1,han_2944,zz_hd_integrated_s2_characters.txt,121173,808.1.1~874.1.1,
崔柔范,han_1937,zz_hd_integrated_s2_characters.txt,126892,767.1.1~847.1.1,han_2250,zz_hd_integrated_s2_characters.txt,127342,782.1.1~848.1.1,
張柔范,han_2777,zz_hd_integrated_s2_characters.txt,114811,803.1.1~876.1.1,han_2903,zz_hd_integrated_s2_characters.txt,117492,807.1.1~869.1.1,
李士操,han_3210,zz_hd_integrated_s2_characters.txt,140983,817.1.1~897.1.1,han_3542,zz_hd_integrated_s2_characters.txt,125113,830.1.1~896.1.1,
李妹妹,han_2735,zz_hd_integrated_s2_characters.txt,130319,801.1.1~853.1.1,han_3027,zz_hd_integrated_s2_characters.txt,145621,810.1.1~860.1.1,
李威仁,han_7408,zz_hd_integrated_s2_characters.txt,94673,1020.1.1~1085.1.1,han_7552,zz_hd_integrated_s2_characters.txt,103214,1023.1.1~1090.1.1,
李娇娇,han_2303,zz_hd_integrated_s2_characters.txt,130673,784.1.1~844.1.1,han_2655,zz_hd_integrated_s2_characters.txt,117293,798.1.1~841.1.1,
李思温,han_2580,zz_hd_integrated_s2_characters.txt,146647,794.1.1~860.1.1,han_2842,zz_hd_integrated_s2_characters.txt,121957,805.1.1~857.1.1,
李思温,han_13776,zz_hd_integrated_s2_characters.txt,142702,800.1.1~851.1.1,han_2842,zz_hd_integrated_s2_characters.txt,121957,805.1.1~857.1.1,
李懿仁,han_6091,zz_hd_integrated_s2_characters.txt,148601,990.1.1~1046.1.1,han_6526,zz_hd_integrated_s2_characters.txt,103896,1001.1.1~1054.1.1,
李敬,han_5823,zz_hd_integrated_s2_characters.txt,93749,982.1.1~1061.1.1,han_6173,zz_hd_integrated_s2_characters.txt,151010,992.1.1~1057.1.1,
李暢,han_2118,zz_hd_integrated_s2_characters.txt,109927,777.1.1~845.1.1,han_2233,zz_hd_integrated_s2_characters.txt,146742,781.1.1~837.1.1,
李柔范,han_2251,zz_hd_integrated_s2_characters.txt,127431,782.1.1~852.1.1,han_2463,zz_hd_integrated_s2_characters.txt,146670,790.1.1~860.1.1,
李柷,han_4255,zz_hd_integrated_s2_characters.txt,143070,891.1.1~908.1.1,han_4263,zz_hd_integrated_s2_characters.txt,148928,892.1.1~908.1.1,
李浩,han_10625,zz_hd_integrated_s2_characters.txt,78531,1093.1.1~1149.1.1,han_10764,zz_hd_integrated_s2_characters.txt,69520,1097.1.1~1150.1.1,
李漼,han_3638,zz_hd_integrated_s2_characters.txt,106794,833.1.1~873.1.1,han_3641,zz_hd_integrated_s2_characters.txt,113529,833.12.28~873.8.15,
李至柔,han_5968,zz_hd_integrated_s2_characters.txt,93492,987.1.1~1032.1.1,han_6473,zz_hd_integrated_s2_characters.txt,16946,1000.1.1~1031.1.1,
李誦,han_1834,zz_hd_integrated_s2_characters.txt,55467,761.1.1~806.1.1,han_1832,zz_hd_integrated_s2_characters.txt,142604,761.1.1~806.1.1,
李韶,han_123,zz_hd_integrated_s2_characters.txt,120244,502.1.1~578.1.1,han_130,zz_hd_integrated_s2_characters.txt,84229,504.1.1~580.1.1,
李麗質,han_494,zz_hd_integrated_s2_characters.txt,109797,621.1.1~643.1.1,han_495,zz_hd_integrated_s2_characters.txt,113007,621.1.1~643.1.1,
楊復光,han_3769,zz_hd_integrated_s2_characters.txt,147532,840.1.1~882.1.1,han_90006,zz_hd_integrated_s2_characters.txt,161695,842.1.1~883.1.1,
權毅,lueyang_quan_019,zz_hd_integrated_s2_characters.txt,1270,647.1.1~691.1.1,han_642,zz_hd_integrated_s2_characters.txt,113032,647.1.1~691.1.1,#權毅 《唐故袁州刺史右監門衛將軍駙馬都尉天水權君》
權知節,lueyang_quan_018,zz_hd_integrated_s2_characters.txt,1253,600.1.1~669.1.1,han_443,zz_hd_integrated_s2_characters.txt,126102,611.1.1~669.1.1,#權知節 郇王府長史，沁、亳、潤三州刺史，使持節桂州諸軍事桂州都督
王信,han_12239,zz_hd_integrated_s2_characters.txt,91057,1137.1.1~1194.1.1,han_12262,zz_hd_integrated_s2_characters.txt,152312,1137.1.1~1194.1.1,
王建,han_3860,zz_hd_integrated_s2_characters.txt,147438,846.1.1~918.1.1,han_3879,zz_hd_integrated_s2_characters.txt,106466,847.1.1~918.1.1,
王星星,han_9790,zz_hd_integrated_s2_characters.txt,18302,1067.1.1~1085.1.1,han_9791,zz_hd_integrated_s2_characters.txt,106313,1067.1.1~1086.1.1,
王桂華,han_3881,zz_hd_integrated_s2_characters.txt,115874,848.1.1~875.1.1,han_3883,zz_hd_integrated_s2_characters.txt,118166,848.1.1~875.1.1,
王老老,han_8699,zz_hd_integrated_s2_characters.txt,17036,1044.1.1~1093.1.1,han_8703,zz_hd_integrated_s2_characters.txt,153840,1044.1.1~1097.1.1,
王藻,han_9344,zz_hd_integrated_s2_characters.txt,43866,1058.1.1~1135.1.1,han_9972,zz_hd_integrated_s2_characters.txt,87997,1073.1.1~1130.1.1,
王閏,han_1424,zz_hd_integrated_s2_characters.txt,141313,734.1.1~806.1.1,han_1613,zz_hd_integrated_s2_characters.txt,127053,748.1.1~809.1.1,
苗異,han_3231,zz_hd_integrated_s2_characters.txt,146376,818.1.1~891.1.1,han_3536,zz_hd_integrated_s2_characters.txt,123805,830.1.1~890.1.1,
裴潁,han_861,zz_hd_integrated_s2_characters.txt,133048,679.1.1~746.1.1,han_956,zz_hd_integrated_s2_characters.txt,133188,690.1.1~748.1.1,
趙元份,han_5414,zz_hd_integrated_s2_characters.txt,24720,968.1.1~1003.1.1,han_90017,zz_hd_integrated_s2_characters.txt,161797,969.1.1~1005.1.1,
趙元偁,han_5773,zz_hd_integrated_s2_characters.txt,43570,981.1.1~1014.1.1,han_90020,zz_hd_integrated_s2_characters.txt,161830,981.1.1~1014.1.1,
趙元僖,han_5372,zz_hd_integrated_s2_characters.txt,46906,966.1.1~992.1.1,han_90015,zz_hd_integrated_s2_characters.txt,161786,966.1.1~992.1.1,
趙元儼,han_5882,zz_hd_integrated_s2_characters.txt,46702,985.1.1~1044.1.1,han_90021,zz_hd_integrated_s2_characters.txt,161841,986.1.1~1044.1.1,
趙秉文,han_13043,zz_hd_integrated_s2_characters.txt,79204,1159.1.1~1232.1.1,han_13057,zz_hd_integrated_s2_characters.txt,158017,1159.1.1~1232.1.1,
趙若,han_13661,zz_hd_integrated_s2_characters.txt,39524,1198.1.1~1261.1.1,han_13662,zz_hd_integrated_s2_characters.txt,39535,1198.1.1~1264.1.1,
郝天挺,han_13104,zz_hd_integrated_s2_characters.txt,80003,1161.1.1~1217.1.1,han_13121,zz_hd_integrated_s2_characters.txt,158109,1161.1.1~1217.1.1,
鄭夫人,han_2472,zz_hd_integrated_s2_characters.txt,122485,791.1.1~871.1.1,han_2781,zz_hd_integrated_s2_characters.txt,123739,803.1.1~865.1.1,
鄭明德,han_2696,zz_hd_integrated_s2_characters.txt,123827,799.1.1~878.1.1,han_2733,zz_hd_integrated_s2_characters.txt,129140,801.1.1~874.1.1,
鄭畋,han_3389,zz_hd_integrated_s2_characters.txt,139619,824.1.1~883.1.1,han_3416,zz_hd_integrated_s2_characters.txt,107008,825.1.1~883.1.1,
錢惟治,han_4971,zz_hd_integrated_s2_characters.txt,155669,948.1.1~1014.1.1,han_4982,zz_hd_integrated_s2_characters.txt,39091,949.1.1~1014.1.1,
長冲,han_372,zz_hd_integrated_s2_characters.txt,125879,597.1.1~676.1.1,han_399,zz_hd_integrated_s2_characters.txt,109811,603.1.1~675.1.1,
長冲,han_399,zz_hd_integrated_s2_characters.txt,109811,603.1.1~675.1.1,han_475,zz_hd_integrated_s2_characters.txt,134014,617.1.1~680.1.1,
陳宗偉,han_8035,zz_hd_integrated_s2_characters.txt,99565,1032.1.1~1103.1.1,han_8087,zz_hd_integrated_s2_characters.txt,99454,1033.1.1~1104.1.1,
陳恭,han_11674,zz_hd_integrated_s2_characters.txt,95050,1123.1.1~1190.1.1,han_12115,zz_hd_integrated_s2_characters.txt,94490,1134.1.1~1198.1.1,
陳愷,han_8181,zz_hd_integrated_s2_characters.txt,73034,1035.1.1~1100.1.1,han_8199,zz_hd_integrated_s2_characters.txt,152237,1035.1.1~1100.1.1,
陳菊菊,han_7599,zz_hd_integrated_s2_characters.txt,96462,1024.1.1~1083.1.1,han_7830,zz_hd_integrated_s2_characters.txt,17228,1028.1.1~1089.1.1,
陳贞,han_3409,zz_hd_integrated_s2_characters.txt,129242,825.1.1~904.1.1,han_3646,zz_hd_integrated_s2_characters.txt,122683,834.1.1~905.1.1,
韋博,han_2538,zz_hd_integrated_s2_characters.txt,137656,793.1.1~855.1.1,han_2545,zz_hd_integrated_s2_characters.txt,144468,793.1.1~860.1.1,
黃会会,han_11792,zz_hd_integrated_s2_characters.txt,93928,1126.1.1~1206.1.1,han_12306,zz_hd_integrated_s2_characters.txt,105095,1138.1.1~1207.1.1,
黃智,han_11755,zz_hd_integrated_s2_characters.txt,94027,1125.1.1~1188.1.1,han_12206,zz_hd_integrated_s2_characters.txt,156541,1136.1.1~1187.1.1,
黃椿,han_12648,zz_hd_integrated_s2_characters.txt,100373,1147.1.1~1215.1.1,han_13078,zz_hd_integrated_s2_characters.txt,67778,1160.1.1~1221.1.1,
刘圭,hd_184_langya_liu_gui,zz_hd_rwu_retained_characters.txt,388,168.1.1~,liu_gui_2,00_xuzhou.txt,4729,178.7.1~220.7.1,
